instance_id,split,technique_id,path,objective,instance_sha256
T01_001,main,T01,dataset/main/T01/T01_001,12261432.0,1895fe585536906bbe80afd2fe7c26b1be1ad9e8eefe4a72428fca40edeb871b
T01_002,main,T01,dataset/main/T01/T01_002,14157.0,6704a22109a5789593a0aa7dd02e431f63be78b3332535386e2510dfb9477549
T01_003,main,T01,dataset/main/T01/T01_003,13199.0,152b39ab7f10ed08059bbc047b900e0d9b1bd21ea7f84e7b1c54d5cfc00491cb
T01_004,main,T01,dataset/main/T01/T01_004,7619252.0,76894f9087161e55c819b931ae8c85ab72f95687e9fc6a32fa41720e43aa902f
T01_005,main,T01,dataset/main/T01/T01_005,7771455.0,2a0a27877f590b130065c944c09fb5835a06ce7b93f8b4d82b029ab88d2cd805
T01_006,main,T01,dataset/main/T01/T01_006,7931870.0,8bad166a9d9aa5992206fb1929533c2d547630358fa23e82d27f828e9823e1ba
T01_007,main,T01,dataset/main/T01/T01_007,8086003.0,bef597477e8ffa85b629cc9c6bf0c7298b8a64b780b7acc1c00194451229aaa1
T01_008,main,T01,dataset/main/T01/T01_008,8238639.0,ced99dd7b1ec96186fc700fa75e179023aff5dcb735d84ecb2b9051015c5a4dc
T01_009,main,T01,dataset/main/T01/T01_009,8385261.0,459018c3926e39edb18a8c5d8b8d24e6c32f1a958c2027fedf6beebbef206eaa
T01_010,main,T01,dataset/main/T01/T01_010,8538832.0,494f0d2afe270ce6141f06671e74ae2c5c52583dfe50618f2282acf55781431e
T01_011,main,T01,dataset/main/T01/T01_011,8680059.0,1882d12c2d76daba85a84e93c61ffe053508ccd72180bbb11c9f46c07055d476
T01_012,main,T01,dataset/main/T01/T01_012,8848787.0,89d8afe8be59e7c40b3006dfea66d8db12ce48ca4d9f926cab2c2bf489a57ea5
T01_013,main,T01,dataset/main/T01/T01_013,8969694.0,dd53b9f65596c88ac753caff91aaf268704bfe3ab50e0d51e6092e96911376c7
T01_014,main,T01,dataset/main/T01/T01_014,2879097.0,99a950a46c6d28a4ceeadf92f8e2f09a3cb1bcee3f5cca2313be9396fbc6a0b6
T01_015,main,T01,dataset/main/T01/T01_015,13375219.0,03320e1f37ea385e9c79e822647897261c80a64c621ea997b19581c664913421
T01_016,main,T01,dataset/main/T01/T01_016,2881580.0,7b115a7df1e97ef16901e05a2ef3a22bde9e264e7819fd7114ea01682dfa7b5f
T01_017,main,T01,dataset/main/T01/T01_017,2881423.0,0cb530c1dfa34192dd5107557c726079011c715c9cec294603ef4ce4c8e0818f
T01_018,main,T01,dataset/main/T01/T01_018,2880047.0,fb984cc6584327abe1a44918b1b426f2568627db970f94dfc84de6f1704aef22
T01_019,main,T01,dataset/main/T01/T01_019,2881057.0,32f15cd9af22e1876f1427d5e4ca64db1d2f743cfe772e648bae972a8db34691
T01_020,main,T01,dataset/main/T01/T01_020,2422583.0,3d7a1cd37f042ba4652b4cd9f0654ccf0c8f0a62e0168f192bfff8d7f067a2eb
T01_021,main,T01,dataset/main/T01/T01_021,2422583.0,3883f1d88c8ba26c70b06006f78842243bdb6183261c3b66ff8754781f88d771
T01_022,main,T01,dataset/main/T01/T01_022,2850191.0,d4412b6d303764da10adbedba0830e1715171caedce0421bc71bc3440534e5ad
T01_023,main,T01,dataset/main/T01/T01_023,9148368.0,d362b688d02badc267c2f856ef67556b2f3226d3b31762cb8488a8c65402aebd
T01_024,main,T01,dataset/main/T01/T01_024,9139321.0,b983753547c3440f72f73f20961189767f72dabbd8054f027f8d06713fdf7fbf
T01_025,main,T01,dataset/main/T01/T01_025,9435260.0,cd3a7f464f16aa23b96f234b435aeb7fb0dd4453d12885cf23b396a12e0078d3
T01_026,main,T01,dataset/main/T01/T01_026,9598511.0,b4431167e9bdbbd99a2778bd1cbbd779c3a859800768ffda42008a266963bd17
T01_027,main,T01,dataset/main/T01/T01_027,9759345.0,e5299504130493e006b2331eb4e5ba708c899ae5fbb83ab3b28fb86cb6d545dc
T01_028,main,T01,dataset/main/T01/T01_028,9907101.0,3cef2076d98a7e0e957ce43e47c0da638d15d0d590feeb005acbf7af937139c1
T01_029,main,T01,dataset/main/T01/T01_029,10040421.0,8b97871de4b7f92205c75765d224dd0d3cdb0454a8dd05d5defd0ab494f7b725
T01_030,main,T01,dataset/main/T01/T01_030,10193019.0,aa3e77034eaba721b44914fa35cbbe705fd0500ca7568806711e1ae3e8080cef
T01_031,main,T01,dataset/main/T01/T01_031,10352646.0,9fc7ac05148a08e1e21ebe6197f48f3efb9e8570eb9212fd9f524a60a6c5c77b
T01_032,main,T01,dataset/main/T01/T01_032,10486300.0,8b1d37921368669c42c54803e0716a6bf04547c67a0d5482d9ca8f4a1ff66ca4
T02_001,main,T02,dataset/main/T02/T02_001,0.0004938271604938272,5b43fd1fc1fb48af563b5f6c28e08e7a09662e7801fbb0f16edce3445a0afdbf
T02_002,main,T02,dataset/main/T02/T02_002,0.0004938319619766069,4c934caafffea51117ddff9d1202ded7687e4c590b2a962fac499324a8a3a690
T02_003,main,T02,dataset/main/T02/T02_003,36.10431940540116,253cd354f2029867938a903ee149a8d6f3b2f812ef1ddd3b5c3b7d38f09ef05c
T02_004,main,T02,dataset/main/T02/T02_004,0.9999951186912406,8bf634d9b43a4fb1926437a62a8ddbeba5d0e87a85c520eada641c05dc87b0cb
T02_005,main,T02,dataset/main/T02/T02_005,957.0,e42da222868801a93c49402ad97bd749bf4d9cf1f867c115e1db74fe91dbb93f
T02_006,main,T02,dataset/main/T02/T02_006,2.25,aa238dc0295bc2fb68807e398d5eec3b7b95f214da551ad717697bed8455f401
T02_008,main,T02,dataset/main/T02/T02_008,2.2499999999999996,5e170621771044a1d858b610b7dc7b45d9a3a1aa83d1880a6526be2238841478
T02_009,main,T02,dataset/main/T02/T02_009,1582.3082429771678,0527bb60e2cf1cdbed697ca2839e71b93d9ddc0023b55d995655ff35bfc8dfbb
T02_010,main,T02,dataset/main/T02/T02_010,1709.4305168954288,f8ebe346ff17b7a9f9f93527b050ecfff31874e512622c2aa9609190baddda89
T02_011,main,T02,dataset/main/T02/T02_011,957.0,a1075a8d3a59b94fc517e3ec2a9c48842e16dbe874da9e7b2caec50214ee327c
T02_012,main,T02,dataset/main/T02/T02_012,2331.771926973086,2f6a85d19c4f5571326d83371e9d2c8d6eb9429a2740a8146b30304f6b2f065a
T02_013,main,T02,dataset/main/T02/T02_013,2.25,6649c2c1e2b62900992c4decde9fb188db2930333482fc9e96f3b7e41a8e4a79
T02_014,main,T02,dataset/main/T02/T02_014,2.25,bd3755947e64cde72c84aff535e5b32a02d01034fe5aed5c9420dda2cfe6639c
T02_015,main,T02,dataset/main/T02/T02_015,2.0,7322d739a04fb86a981cff95aa065e762402b257948874e175f148afc56cb78f
T02_016,main,T02,dataset/main/T02/T02_016,2.2500023125023767,5b568e78b2b7ec7966f8d67967f386dfed4dbdc5b05170cc229bbe91e8dcdf36
T03_001,main,T03,dataset/main/T03/T03_001,6416023.0,63df56596890835196a6339a0d270b387d0d5ad85898c7ed59b6fa6b68415eb5
T03_002,main,T03,dataset/main/T03/T03_002,6549523.0,27513c9a69b713f21a6654d8e98afc4aaccaea887309d8a7084f282df6b91809
T03_003,main,T03,dataset/main/T03/T03_003,6684511.0,1e2cf5f0f442a3b5870886a6620daa41a15d27a0358f124f2cd2a7a4e59e3176
T03_004,main,T03,dataset/main/T03/T03_004,6815591.0,c22b61249c280a44603b571619ca17c65daee309b7247a7d4d69b27f9d4db454
T03_005,main,T03,dataset/main/T03/T03_005,6946068.0,1754614a33820c4846454d60ec53dfe92b36705a06a040987e953acc38fbdd61
T03_006,main,T03,dataset/main/T03/T03_006,7071838.0,645b814a4815fd58f211db90bfaee084b748a154c3a55478677a2cefa43564c0
T03_007,main,T03,dataset/main/T03/T03_007,7214770.0,d93dc09c5d7f041a6d21fc6c46765af7864ab878803d86f3ae198d6995013b5e
T03_008,main,T03,dataset/main/T03/T03_008,7471341.0,136edd551a56840d1c773d694eff779614c68dcc9cf9f7e307ba8fd3a5db081a
T03_009,main,T03,dataset/main/T03/T03_009,7611724.0,b33f370e540bc615b8458fad840ea7dc6380808b29061a38b3870997e3c2ef47
T03_010,main,T03,dataset/main/T03/T03_010,10.0,1780936120eb10f193b861c2f3eed2472521510e970524931429945f122a21e9
T03_011,main,T03,dataset/main/T03/T03_011,9.0,ba4adcfea3560cacac96a6a8183334c6bb2a2a48d55b2d67de5c259383d08b7e
T03_012,main,T03,dataset/main/T03/T03_012,10.0,669225f560afd8cb4aaf4eda0f467ef8428c40c768ffd4be1ea892a29a541e07
T03_013,main,T03,dataset/main/T03/T03_013,10.0,c3f6f979283c1db6c36ff4ae517700c2b2fe90c10773b0f56f1585bfb8f6c67f
T03_014,main,T03,dataset/main/T03/T03_014,10.0,ecda364f9113e3ce4f07ad46405e9b7d38712f4f5bc79141145f2b79f1cd1b6c
T03_015,main,T03,dataset/main/T03/T03_015,12.0,4d1f861eb3c5576a7aaf4fb0a04a9f8b3e7413b879d9149b8fc2a01f69533d24
T03_016,main,T03,dataset/main/T03/T03_016,9.0,8d3982c33b95db4fd00972a977d3f1d709482002e8899999de4f9db40e703d7d
T03_017,main,T03,dataset/main/T03/T03_017,10.0,821dc7d2840d72eed89126fac0be5ec87989bce2215412b27d56ea590f7fd814
T03_018,main,T03,dataset/main/T03/T03_018,11.0,560fedc2ac7df6b5c0ccd9b870f677d7bac5ec1c0564d97ee6bf6dffb32f995a
T03_019,main,T03,dataset/main/T03/T03_019,12.0,0f76fa81bc82d03e31b74f46b896193fe287a8df3e99afb35e5cf0ee54127104
T04_001,main,T04,dataset/main/T04/T04_001,135811.0,420da87e8ec52bb22dfedd044dd3e24f268c88edce8c742dda74c0e652a86f18
T04_002,main,T04,dataset/main/T04/T04_002,12798789.0,1886d957fb3a39bbfb8e3985a7ec94ffcb7b66b7f429f7e8d49b3122ee8c160f
T04_003,main,T04,dataset/main/T04/T04_003,830117.0,318ebb6d6a2941e80c8af8d96fefb2034dacaf6a5734a37d78a3744393cf0b11
T04_004,main,T04,dataset/main/T04/T04_004,1909640.0,9f831cc1543cb3a765abf70306b189718245cea187888f9bc6fd8579800e3e25
T04_005,main,T04,dataset/main/T04/T04_005,2045083.0,b09c53e152966e38da873a3c8db28e5304b1fa87b412c428505dd9d7421d14d9
T04_006,main,T04,dataset/main/T04/T04_006,1742805.0,10f44942db151af4262495ce012ba27539eeb3525bf902033369adf5c85677cb
T04_007,main,T04,dataset/main/T04/T04_007,919516.0,2e77ee7b577396d90f6d036631c7112765fc30cfb9e21d4e81f2ea0ee1676d2f
T04_013,main,T04,dataset/main/T04/T04_013,66001397.0,dd83b19afdbe9d2291af8df967f9055720a31e7e014a9b85f8096ed41186c275
T04_014,main,T04,dataset/main/T04/T04_014,67500666.0,074433bf3f307d6ca09a0d0e4c362d9b6914854b83e5d944dd5f6e3cea54fca8
T04_015,main,T04,dataset/main/T04/T04_015,69001303.0,cf43c4b6256a8fca1e2072b8b1ed70c009c33c4e1e4d4172f5e49d563150fc09
T04_016,main,T04,dataset/main/T04/T04_016,68500714.0,8178de724001cb6fd606c32fc3b2d37973238c03c630801e9b1dba28c33167d1
T04_017,main,T04,dataset/main/T04/T04_017,73000530.0,fda41a6bf809b8e0028124a1a6c6cb7fd075b92412aae780c551ea6d3a787380
T04_018,main,T04,dataset/main/T04/T04_018,70000515.0,b2d7d96c0ec1358da73e489959777c49ae1cbb8559921d0fee6476e9d2a28a79
T04_019,main,T04,dataset/main/T04/T04_019,71000742.0,80793b4e6045b99a92f2e9ecc9588dcf601224366d40920d2ad87f04ede9f6ef
T04_020,main,T04,dataset/main/T04/T04_020,72000744.0,82abc2a156e09da6292eef76c69230fcc6c94e3cfe11d6a54528b884340caf1b
T04_021,main,T04,dataset/main/T04/T04_021,65001140.0,0fe073ccaa53a3f0e216bc809265304646dbb3b8593b31fad4af886e381602da
T04_022,main,T04,dataset/main/T04/T04_022,74000471.0,e7306ef0ab24fd095eb63265a782abe07d97dbed0690ac3f60518b6097840767
T04_023,main,T04,dataset/main/T04/T04_023,66067397.0,a49158b1393094e05d61e50c6a6491ce41c7e8b5cec3c1cbfbf3273702cc6d73
T04_024,main,T04,dataset/main/T04/T04_024,529640.0,e9d7af00df442c9be5dbcd661d0cb1fa46c613c1b15d64bf2a9f618c25c41222
T04_025,main,T04,dataset/main/T04/T04_025,484232.0,5413a85b97e6336a58470a40f4eda67b5106526ca9ad4b1c5bb74d6dfdce2fe6
T04_026,main,T04,dataset/main/T04/T04_026,3481456.0,989995f6bceea9e9a50c6d3c7b547491670efcd02ef6f0d49c59cf624fd71bed
T04_027,main,T04,dataset/main/T04/T04_027,2572390.0,097f9e1136969c8ba3625c28716bb7163fdb809184818aa48c636c1611f822f8
T04_028,main,T04,dataset/main/T04/T04_028,512224.0,9f7f5a3644fb57562ab2658e1af809bf43338600d11cd008b3aec7cb4de3b4e2
T04_029,main,T04,dataset/main/T04/T04_029,433752.0,a9bf640151ef1a938718902982dc544545e10752c3d897ae0719cde44dcc7a3f
T04_030,main,T04,dataset/main/T04/T04_030,486552.0,3ff02faf25861cf4940655d2c170f19ba3314f9d060a0018ca865d02a6972c52
T05_001,main,T05,dataset/main/T05/T05_001,3913.389604787517,80e37cc6b2859252bc02d214ecdf06097b4ffe50f82342a87937205314e4b3d6
T05_002,main,T05,dataset/main/T05/T05_002,3912.4415413016923,6556d01269fa919da93acb0b5b6bcace35d092942968bfc11bcb81a3702e6928
T05_003,main,T05,dataset/main/T05/T05_003,2687.86,6f937481e8ffe4d504bd0bbbd7273a9fd5ae93d97c7bc4f6a631f23a62ccd2e7
T05_004,main,T05,dataset/main/T05/T05_004,3095.5600000000004,961171cba9f89d687ae2ad478fc5cfa74af13436274c94c5ee5082c102f9d81b
T05_005,main,T05,dataset/main/T05/T05_005,2793.25,0c79189f782bb40b0b6b78e67c978c1720071734cf1c48e0ab506d595b69d1be
T05_006,main,T05,dataset/main/T05/T05_006,3112.38,d5c42633d99a937e156e8a90b9ff3c7eea3969fe8412eec54645d002625ecd51
T05_007,main,T05,dataset/main/T05/T05_007,3104.8500000000004,2cea38bb23ef089df1e089d5e87682246d50d943a1ee3bbd5bb554dc8a1b0352
T05_008,main,T05,dataset/main/T05/T05_008,3308.7,9fb908d89a7b8fdcefad272249402cd380f7ad1c8f6b4b7391e6d47be6743e58
T05_009,main,T05,dataset/main/T05/T05_009,2936.65,56431f1ed22116a785d3f864f3fcae02e0107980f03d2c6cea805341ac736fdf
T05_010,main,T05,dataset/main/T05/T05_010,2854.25,8a9db8ee38620e4e5fad737a6f6ed8a5d35ca2bb0e98b0e86af2102e5342b4f6
T05_011,main,T05,dataset/main/T05/T05_011,2983.64,e2a0eccb01d5e4755488ba50fa3ecda5d8bebcd271ff1978111269d134df0295
T05_012,main,T05,dataset/main/T05/T05_012,2886.06,55335c78661d416c695cf3e2108fc99c13c436ba7ee19a48aa1be90970f5e0e0
T05_013,main,T05,dataset/main/T05/T05_013,2926.92,4896fd7e5be197961f97571ff8124a064c2df039b52257b2ffe13abe37811709
T05_014,main,T05,dataset/main/T05/T05_014,3693.0499999999997,daf66cd65c23527bb143bfcd4e7c772e746ce85a9b93ab24bca627af06681d9a
T05_015,main,T05,dataset/main/T05/T05_015,3567.85,a6b9c2ce85c682bdc88f64e79a451220f67fc56f58a425fa4d4043440177864e
T05_016,main,T05,dataset/main/T05/T05_016,3009.8999999999996,a5df7bff2b58975f64e2a7c0904bbc898c7800356a70b7b66b22839fce8f90ac
T05_018,main,T05,dataset/main/T05/T05_018,2687.86,c3d39908eba12becd24917996a1ef61a29be8b5437b60d5c0d884444e88a6c2a
T05_019,main,T05,dataset/main/T05/T05_019,3002.8199999999997,80fceebbaad04763c8882920cc0fc4e7e723243a9ef332fbe2b3c8247aa4ca5c
T05_020,main,T05,dataset/main/T05/T05_020,345.0,65da410427d4dc5a46f746bd04c18b8e1e42edc14ce79d84a7e3a88d39102ab5
T06_001,main,T06,dataset/main/T06/T06_001,76124108.8,86db809f082b5e371270b5131228893dcfeb60ea9a4e9a89f0698d16553b0352
T06_002,main,T06,dataset/main/T06/T06_002,14708286.421052633,afb3fbbc1831d0c58979fa6404c25b4f142fbb56da44021a351b0dc76a13350f
T06_003,main,T06,dataset/main/T06/T06_003,28162267.099999998,0efa2e50c159220344f65a18ef7be826c6bb96291ec76f9fac0cbbc56e39bf37
T06_004,main,T06,dataset/main/T06/T06_004,15219980.1,85d95054a589256790c4dacbb4ad15913c871f385a4ccb71ba4b35a337dcc0b3
T06_005,main,T06,dataset/main/T06/T06_005,28161153.999999993,987a67a51d0e2063b2cfcad68f08e50adcfe4ece4ab3f349e1988a7de4f1c63e
T06_006,main,T06,dataset/main/T06/T06_006,28143925.0,b4fd20e159f3c912c7e0301a9d20927d3d52086519cee51a2e59330d10917163
T06_007,main,T06,dataset/main/T06/T06_007,28005774.0,10a00d55048d99f6f0ad4ea755a53aa4fd55cdc14e8f7ae505814781c7e32119
T06_008,main,T06,dataset/main/T06/T06_008,35132419.0,0e9d88609535d414f98f51cf831905f0a9d0ffa9152fe70633b3a4112e484c46
T06_009,main,T06,dataset/main/T06/T06_009,35242153.0,91c6fd2b2b402c826a66f57d2f7c77ac02e1ba24aba5393a43ca09724a9d2167
T06_010,main,T06,dataset/main/T06/T06_010,38498235.0,60063df06a89d90b902b7d3cd86a8dcf9e70829e2ecaa40f5e4feeccca5e6ef2
T06_011,main,T06,dataset/main/T06/T06_011,38560853.0,70133f6bfde54367b6c5dbb4e99fb61e3e679a46bd89afd276cf0ee8fdbf47c1
T06_012,main,T06,dataset/main/T06/T06_012,38723104.0,57c4eb0e773e9fbd1fa69825779a7f8367b513959b894839c431edc1779d45a6
T06_013,main,T06,dataset/main/T06/T06_013,38738885.0,70c33f9d4147f1ccbf094ee7c7bf2e75b8fe95aa643a86fc79cd00dcf6871352
T06_014,main,T06,dataset/main/T06/T06_014,140778932.0,a970b297f205bcc5a2a5716921b961e6fa28dca7a23a336e9ee926ee6cd8c2d9
T06_015,main,T06,dataset/main/T06/T06_015,142387089.0,d1ee4f55b44ed7a4591c7113d27c9a8bb1d9fca6dd15a0f3c64c960e54f1ad26
T06_016,main,T06,dataset/main/T06/T06_016,140644900.0,9dda766409bbe52df74ecfa6758f5bff2a6ba65f842783e5c6fb79baeb597d3d
T06_017,main,T06,dataset/main/T06/T06_017,140094152.0,dbbf4f75804d2398a0ea81b1d522abcaf41a53b0040591e7cb919d48a0640099
T06_018,main,T06,dataset/main/T06/T06_018,138323156.0,242856462d158b9164550e79f385c502716eca0662dbddaceabc9955caed2d99
T06_019,main,T06,dataset/main/T06/T06_019,16937164.852153797,eef3cabe27f174b0132b2fd4a31a87401f2c7f91116cfc3ed8084401f90a9bc9
T06_020,main,T06,dataset/main/T06/T06_020,65456.0,c5b851762c2018608041ef449033d09049c1487b1d2ee43e5436588663e482b2
T06_021,main,T06,dataset/main/T06/T06_021,44674909.0017785,301dfe03ff46f0ee1d483afe8f644cbf61d40bac5c0d2a53927b32e602da1140
T07_003,main,T07,dataset/main/T07/T07_003,745.2501,1442767f0b68c43f17f26f805fd085888ca352d804ca47799de607537193bb7f
T07_004,main,T07,dataset/main/T07/T07_004,19813.0,31503ffad45307bb62d9aa5508657644f4f9d5bd9900d9b0055c15478ca012df
T07_005,main,T07,dataset/main/T07/T07_005,26655.0,6ead21da4e51fdc212f60a27788a68cbcfd1c04f0bdb132fac7c4195d412d073
T07_006,main,T07,dataset/main/T07/T07_006,33140.0,4657002143876375f991fd9049e613caf2e6fe31c1ceb16193d972261a094383
T07_007,main,T07,dataset/main/T07/T07_007,60177.0,cf199b8ac52e72d2962e3d130d7c9e5f4f0c9655044ce1302afc97cfd3366407
T07_008,main,T07,dataset/main/T07/T07_008,64926.0,7f1a869bede0e05ce387c74be2ce397083c2c988cfa14ead03ec180a1225ac1e
T07_009,main,T07,dataset/main/T07/T07_009,57166.0,0df31b70ce6342e001b415c0e8a9f478080def6013769627726d146302b91572
T07_010,main,T07,dataset/main/T07/T07_010,69734.0,5d445a10c790936193d788620726717259f3b75d2b9e77689c814844d517439e
T07_011,main,T07,dataset/main/T07/T07_011,49505.0,750087774f189864e9b10b92b78b3523cadce00e95e754830e77632ba850fcb0
T07_012,main,T07,dataset/main/T07/T07_012,52413.0,2a6c140dd836bc9a6dca879915187ba0a6f79482bcca836e379438607d15a3c1
T07_013,main,T07,dataset/main/T07/T07_013,66156.0,a2766d09b32c21797089b495a0d5e5858d26782150946975b6bae5bc84f70e2e
T07_014,main,T07,dataset/main/T07/T07_014,51304.0,4bc6c2d97c5ced4e9a17133ec9367353baabc25974919a3a157e0576f5bd10de
T07_015,main,T07,dataset/main/T07/T07_015,63328.0,28691aa9a669d0ffa8b1d6f76025a48757aa433176c64cfba1308d75ed779786
T07_016,main,T07,dataset/main/T07/T07_016,57205.0,f5173c55484e96dfdd1ff1b3a07a789e2fd72afd98fffce9a65808d6f55ed226
T07_017,main,T07,dataset/main/T07/T07_017,70198.0,6d71e1303285bdbfd2ec8eda217c60ec7e7343d4648f7c80285c185a87fc4d7a
T07_018,main,T07,dataset/main/T07/T07_018,59864.0,49ae8f50f8e7cd48ae54bc02009c6bd75714248a9b96ccf4c9a728c552c9a407
T08_001,main,T08,dataset/main/T08/T08_001,24964.0,66aae5105afa4fbe1491b8341a435117ad2e638ba08febb19232d657a8dd74ff
T08_002,main,T08,dataset/main/T08/T08_002,965320.8882720649,ae0677abe167cbf9514f01ae3d1b262cce716dfa4879fb89cf747cac61f50b80
T08_003,main,T08,dataset/main/T08/T08_003,621512.9578841238,bd5c261b2106810d0d2730d637cc129755fbde8685fc669f6602dd00eebb5eaf
T08_004,main,T08,dataset/main/T08/T08_004,746025.6108695669,b42bf0c1669c239f4876b32161416e1a25bd71a9a32e5d8c1014cc8045c8add1
T08_005,main,T08,dataset/main/T08/T08_005,746025.6108695669,b42bf0c1669c239f4876b32161416e1a25bd71a9a32e5d8c1014cc8045c8add1
T08_006,main,T08,dataset/main/T08/T08_006,746025.6108695669,b42bf0c1669c239f4876b32161416e1a25bd71a9a32e5d8c1014cc8045c8add1
T08_007,main,T08,dataset/main/T08/T08_007,746025.6108695669,b42bf0c1669c239f4876b32161416e1a25bd71a9a32e5d8c1014cc8045c8add1
T08_008,main,T08,dataset/main/T08/T08_008,746025.6108695669,b42bf0c1669c239f4876b32161416e1a25bd71a9a32e5d8c1014cc8045c8add1
T08_009,main,T08,dataset/main/T08/T08_009,746025.6108695669,b42bf0c1669c239f4876b32161416e1a25bd71a9a32e5d8c1014cc8045c8add1
T08_010,main,T08,dataset/main/T08/T08_010,746025.6108695669,b42bf0c1669c239f4876b32161416e1a25bd71a9a32e5d8c1014cc8045c8add1
T08_011,main,T08,dataset/main/T08/T08_011,746025.6108695669,b42bf0c1669c239f4876b32161416e1a25bd71a9a32e5d8c1014cc8045c8add1
T08_012,main,T08,dataset/main/T08/T08_012,746025.6108695669,b42bf0c1669c239f4876b32161416e1a25bd71a9a32e5d8c1014cc8045c8add1
T08_013,main,T08,dataset/main/T08/T08_013,746025.6108695669,b42bf0c1669c239f4876b32161416e1a25bd71a9a32e5d8c1014cc8045c8add1
T08_014,main,T08,dataset/main/T08/T08_014,746025.6108695669,b42bf0c1669c239f4876b32161416e1a25bd71a9a32e5d8c1014cc8045c8add1
T08_015,main,T08,dataset/main/T08/T08_015,746025.6108695669,b42bf0c1669c239f4876b32161416e1a25bd71a9a32e5d8c1014cc8045c8add1
T08_016,main,T08,dataset/main/T08/T08_016,1241522.9362151294,3ee3f4cb467aae930712e2bfb3894baae72f78e7f5b2f4fdd26828ae657ada3e
T08_017,main,T08,dataset/main/T08/T08_017,1241522.9362151294,3ee3f4cb467aae930712e2bfb3894baae72f78e7f5b2f4fdd26828ae657ada3e
T08_018,main,T08,dataset/main/T08/T08_018,1241522.9362151294,3ee3f4cb467aae930712e2bfb3894baae72f78e7f5b2f4fdd26828ae657ada3e
T08_019,main,T08,dataset/main/T08/T08_019,1241522.9362151294,3ee3f4cb467aae930712e2bfb3894baae72f78e7f5b2f4fdd26828ae657ada3e
T08_020,main,T08,dataset/main/T08/T08_020,1241522.9362151294,3ee3f4cb467aae930712e2bfb3894baae72f78e7f5b2f4fdd26828ae657ada3e
T08_021,main,T08,dataset/main/T08/T08_021,1241522.9362151294,3ee3f4cb467aae930712e2bfb3894baae72f78e7f5b2f4fdd26828ae657ada3e
T08_022,main,T08,dataset/main/T08/T08_022,1241522.9362151294,3ee3f4cb467aae930712e2bfb3894baae72f78e7f5b2f4fdd26828ae657ada3e
T08_023,main,T08,dataset/main/T08/T08_023,1241522.9362151294,3ee3f4cb467aae930712e2bfb3894baae72f78e7f5b2f4fdd26828ae657ada3e
T08_024,main,T08,dataset/main/T08/T08_024,1241522.9362151294,3ee3f4cb467aae930712e2bfb3894baae72f78e7f5b2f4fdd26828ae657ada3e
T08_025,main,T08,dataset/main/T08/T08_025,1241522.9362151294,3ee3f4cb467aae930712e2bfb3894baae72f78e7f5b2f4fdd26828ae657ada3e
T08_026,main,T08,dataset/main/T08/T08_026,1241522.9362151294,3ee3f4cb467aae930712e2bfb3894baae72f78e7f5b2f4fdd26828ae657ada3e
T08_027,main,T08,dataset/main/T08/T08_027,1241522.9362151294,3ee3f4cb467aae930712e2bfb3894baae72f78e7f5b2f4fdd26828ae657ada3e
T08_028,main,T08,dataset/main/T08/T08_028,1241522.9362151294,3ee3f4cb467aae930712e2bfb3894baae72f78e7f5b2f4fdd26828ae657ada3e
T08_029,main,T08,dataset/main/T08/T08_029,375368.9238812656,98ce28677f0939f664c3c80c2a432fae5f7b7b41b4464071fe65a42cad28821b
T08_030,main,T08,dataset/main/T08/T08_030,341136.32883445924,9365a8f9c42a8d3d78c20a53be5478f8094b7c12b940a755e442b5c8a5b0ddce
T08_031,main,T08,dataset/main/T08/T08_031,313897.8014296513,396108c171f6c57c1c25e1498effaf60e3a4241983570cbb15de856f35bfb35a
T08_032,main,T08,dataset/main/T08/T08_032,326811.317269414,63bebe533d5768da7bed7348e396967a978d99f7cfc146c36285d149a712e392
T08_033,main,T08,dataset/main/T08/T08_033,375916.683627419,97e3cada2585be1ac957834e8d046396c0b3ede668e0dbf53759e2a32bf5ff41
T08_034,main,T08,dataset/main/T08/T08_034,360008.259236466,14e9f6cf7de26fb647a08b7a8f71e1de2a1a5eb9cf5fc2886b5b266a6902531b
T08_035,main,T08,dataset/main/T08/T08_035,711254.2987743571,547bed33e0f6273493855a81db6f81f62bbed199a587d10e05cc38b529af779f
T08_036,main,T08,dataset/main/T08/T08_036,881319.2735212627,975d3802e0105959bec842149f03ebef2b24a0262ae2ffbcee82e237153517de
T08_037,main,T08,dataset/main/T08/T08_037,888851.9773548729,d611ecd4165dbf31c64a3a3ff3a11434250d800f3296ea44b9238bdf5c82a06a
T08_038,main,T08,dataset/main/T08/T08_038,1243021.6113710601,1a12cf0fe55acbaa1a29fe69e76d564f202d88593be77f93404a26ceb008381d
T08_039,main,T08,dataset/main/T08/T08_039,1211134.4595498699,c6a9c8fa330637383fe4ec5daa2fde0dd716a7157b03d24a461f8cf8e79f9382
T08_040,main,T08,dataset/main/T08/T08_040,1103587.5943938212,7ad9b30e26bb20fcb97818f86b457cca1cd8e51023f9a16c74597cbbdbdf1cfc
T08_041,main,T08,dataset/main/T08/T08_041,2211251.810820004,6ad5e795f0764a7c6b895261e8bf84b90255be0f158eaa21b9ac8167e9ed7d4f
T08_042,main,T08,dataset/main/T08/T08_042,2225208.491373419,4fb93fb8bc154dbb4a4ddd6aa5a76c64a44d96136efd34f95914804982f827d4
T08_043,main,T08,dataset/main/T08/T08_043,2373930.1464751195,365d5959b6aa51d6333a057b02f89a2003c2ebf46e4cbabae273c23a695619b1
T08_044,main,T08,dataset/main/T08/T08_044,2228988.00305903,033ca93f0ef83d57da436640ecfa89fdc7b98c4c6315ed578795a8f5eb236504
T08_045,main,T08,dataset/main/T08/T08_045,2292195.0145814414,c51ca1842dcca955ed046a1a7facb1548d801c4674bc337a4eb55b239569688d
T08_046,main,T08,dataset/main/T08/T08_046,2024865.6972640255,a1f5079744bc72fe7eddb9490b2e4c1a6214b71b6a0030fcf843bfad87ac26fd
T09_001,main,T09,dataset/main/T09/T09_001,1156628.6840906339,694d31a1f9c6c4bf56d0abdc32fdc67336a38c883b8c2478cb7cefee607a26b3
T09_002,main,T09,dataset/main/T09/T09_002,1389603.8775490264,68a95e6b4f7da2c1da3bf4628715944d81d8ad8893ed3080b0590eaf51a1a6f5
T09_003,main,T09,dataset/main/T09/T09_003,11589726.100502327,de41c7da00817629ec4b524f1b3e3dd6e84966ea07cd4e75696b191a74f56f0b
T09_004,main,T09,dataset/main/T09/T09_004,11185348.53921566,7870db0658e23e09fd865490e7793bf032d5dec7c374312b443c791a3ce7559b
T09_005,main,T09,dataset/main/T09/T09_005,10985917.73662748,beec07bb215b2a81c0335eaf5875aeabdf2e76156f0f6bf4d925ce695292dabd
T09_006,main,T09,dataset/main/T09/T09_006,11956521.433933519,82922eecfe9fef245c3091064c2262e4e6d39055acd0c0693b50e5010b384bcf
T09_007,main,T09,dataset/main/T09/T09_007,11363458.425381046,b9d4e2c12d937c791c3c1184da1704c9a3188541d38fe017d3af5d1374633280
T09_008,main,T09,dataset/main/T09/T09_008,11767331.263040425,fab87146966b8ba06cf4f79d11204101a43c4aa881188a15e68707593cefdcad
T10_001,main,T10,dataset/main/T10/T10_001,8187.0,9acadb9953cf7881e28ceb31dda1631d3ca076ee84587c907b6c4c3262d29593
T10_002,main,T10,dataset/main/T10/T10_002,12150.0,968fabc98d7c49204f89fc61609dff065c67107f01da44090a1a82f615ba6457
T10_003,main,T10,dataset/main/T10/T10_003,11271.0,739a6ba29250cf66f3111d51674ac4562d6bc7b61c5cc87135045b9d3add249e
T10_004,main,T10,dataset/main/T10/T10_004,9425.0,640807d233a2f2d59a6f71345d8b5f6001a1e6e12456fb38922ade308412d08e
T10_005,main,T10,dataset/main/T10/T10_005,9375.0,c69b30e643f7cfa2f3d48eeb2ca6d00730e26417b9e84ee7605bd73bdb4c3a12
T10_006,main,T10,dataset/main/T10/T10_006,10076.0,6e27727095a982a3fc6d26495b1ac82dbdcde83bca715e4d65b06185deaefe7d
T10_007,main,T10,dataset/main/T10/T10_007,10233.0,c6547ad78d15462a402f4704baf1e5fb661c2e6fd40d901118a6a2083a7df152
T10_008,main,T10,dataset/main/T10/T10_008,8722.0,bab0924c0a2d7a06988095c1f50fc054633b6b32bdc2266ece0ab2c12223c330
T10_009,main,T10,dataset/main/T10/T10_009,11595.0,b9f8fe57dc8e61db7ce75cddd81e9990433149710bc3f02e3bc88e6f00cbe177
T10_010,main,T10,dataset/main/T10/T10_010,11944.0,3e27b9d203e31066361bf390461dfc5323508b91664f1549ee323fbd4b6615c8
T10_011,main,T10,dataset/main/T10/T10_011,93.0,7240b1f19d66cae2a8a9b6c6b5e0991d2a7747012e565fca83b29af0113aadc8
T10_012,main,T10,dataset/main/T10/T10_012,3746.0,75a7bfb38ebcf13799f9899174c6414d12ab266b33e71fea6b04523f5650c873
T10_013,main,T10,dataset/main/T10/T10_013,5740.0,4c10b525d9fae664c4249bb35f1b1f459551cbc2b1ac1a51fe351d89f8d6adb9
T10_014,main,T10,dataset/main/T10/T10_014,5686,b78c4173aaf2864fb154d1152960cffae797e2219fdafe0401202d54fd54f7e2
T10_015,main,T10,dataset/main/T10/T10_015,12150.0,6f1da305844941ad9109c7c70041fd2332a7f4f35c793f070a9c224867673519
T10_016,main,T10,dataset/main/T10/T10_016,11271.0,23396fb7b87b4c912e4e665d10a0e8f01001705dfa49bc55a8cc2e4be95729d7
T10_017,main,T10,dataset/main/T10/T10_017,9425.0,8424ae99e6f0ff315ab1aee9120ec1b382a3ca7a87d8633d74a26dd9f3e27ed0
T10_018,main,T10,dataset/main/T10/T10_018,9375.0,46a8ed3cb7106708e951e4cb95a667eac4901f9fa3cf68390013c0afc66d93df
T10_019,main,T10,dataset/main/T10/T10_019,10076.0,1e29d97abab76fb13a310a284110bd731f3af3d621384645c37480a099217c5d
T10_020,main,T10,dataset/main/T10/T10_020,10233.0,06b11adec9e0bf9c64a3253490883975e07766d5a987deec2d20aafbf9675f9c
T10_021,main,T10,dataset/main/T10/T10_021,8722.0,81d1f6c52999444d9adbdb24617a238dc4e7b44d5de900fbb393164a1652fc3c
T10_022,main,T10,dataset/main/T10/T10_022,11595.0,fde2c6df1be466bbff2b8ea478205d84bca3794160c804c31553cdd45dc01504
T10_023,main,T10,dataset/main/T10/T10_023,11944.0,eeb6b8bf4fef44d504420162e71f3f1b20182278da02e4b80d4525ef780360a0
T10_024,main,T10,dataset/main/T10/T10_024,93.0,7240b1f19d66cae2a8a9b6c6b5e0991d2a7747012e565fca83b29af0113aadc8
T10_025,main,T10,dataset/main/T10/T10_025,541912.0,777ba774fbbf717adf75d49b0018917400d5b80db411e5096957d692d2f9a3dc
T10_026,main,T10,dataset/main/T10/T10_026,512039.0,9d6c9ae6a18fdf0739a5b964b9e328a8c1be33bb152d3e51734a30ca94c9e288
T10_027,main,T10,dataset/main/T10/T10_027,492127.0,0edf1ea478a5281fe06eb50765f39e9c885b6cc7bef0cb148d70e6642820ae24
T10_028,main,T10,dataset/main/T10/T10_028,542424.0,23ea21dfcb46f57640f6cf409ad47df07fbf9242ce11d34f733b76bf969236a6
T10_029,main,T10,dataset/main/T10/T10_029,566612.0,3476084a2268d86806476116c0b8ff1169cdacea8c00530a7ed10eecdc0e9d3d
T10_030,main,T10,dataset/main/T10/T10_030,612330.0,8a6fb4004cf42a2258fe4e793cb3a4eda3636db9f165536c03bdd19b9ba4b920
T12_001,main,T12,dataset/main/T12/T12_001,4971912.0,18abb481a5565c6b1733b77276b616d17b7834031e37c28a94ed8fd64b8ca560
T12_002,main,T12,dataset/main/T12/T12_002,49.99999999999983,23c9a46d5bb27f493d65e1c6f62b418b4095c7414318059b9683a2bdcdbb3652
T12_003,main,T12,dataset/main/T12/T12_003,4971912.0,18abb481a5565c6b1733b77276b616d17b7834031e37c28a94ed8fd64b8ca560
T12_004,main,T12,dataset/main/T12/T12_004,330811.03755712946,eb7ffdcabbba79fc367e070b4c0658b0a4e0e569e6d2bcedc66d1da8bd3e2496
T12_005,main,T12,dataset/main/T12/T12_005,257444.62349736862,f3f1c1803340c1019272d8b51614c6d4680aa6feb4b74789d9ee2e477a7adf38
T12_011,main,T12,dataset/main/T12/T12_011,281054.0767471212,faf1c699a470dc6a36f9f2dd32bcf9ff82f867e048eb6be379dbfe38ec325715
T13_001,main,T13,dataset/main/T13/T13_001,26396185.687997762,1b35d0cb5a4d6ef900fcbfd7b137f9db9c3c774cc211e8434131064c923b6548
T13_002,main,T13,dataset/main/T13/T13_002,4902279.379999831,3f4f2f8692762298dd55bc9df94301df47c73ba9d534056dd4ac6f019ba24908
T13_003,main,T13,dataset/main/T13/T13_003,5419536.431999917,f51392e4c706e8601297b031f4361328786ade01c739a9c40cb5e64df051ee12
T13_005,main,T13,dataset/main/T13/T13_005,5454054.625,81ed883a0d694a477b0d14ed57da1329f7269fdcaa6acde8b39e5edac5ed066a
T13_006,main,T13,dataset/main/T13/T13_006,6008499.95,cb810d6548f9653af39395562bb5c5e8989014800065fdf79e473e58119ef40e
T13_009,main,T13,dataset/main/T13/T13_009,1293834.7714280759,7859ff427e5deec251fe29e0198f1234a621312ba7849fe96c98dc5304a789df
T13_010,main,T13,dataset/main/T13/T13_010,475026.84873942984,005177c8e40173ab636e619a1c278282e251ffb572de61d4a60039b96c316141
T13_012,main,T13,dataset/main/T13/T13_012,391378.0000000359,878ea13a95bee6fc4b5500ba18108961c83c538359a7d8ffe99fd7c932e7e1e1
T13_013,main,T13,dataset/main/T13/T13_013,474208.41111111105,f73fb604fede20a648b43d1b756480bba987c499a8b3848ae06f48ce6545dac3
T13_014,main,T13,dataset/main/T13/T13_014,477876.2321428214,0723512b406cd56f0dca3bd8dd6de5d218e6225635599618472221438b5b6785
T13_015,main,T13,dataset/main/T13/T13_015,990137.3333331528,1a9e56b3117c437863721bdb425d79751a4e14ab332f7135e4116f9a86bc9c99
T13_016,main,T13,dataset/main/T13/T13_016,1538853.475694444,fc7b3c3171c7de6673c1a791f9a9187ca23fa7540ff5e48ecec37495a577d12c
T13_017,main,T13,dataset/main/T13/T13_017,1525425.119891165,4cdc644b81b6eaad1358bfe57f82bc2b5100799676cd077ef69aec15438539e2
T13_021,main,T13,dataset/main/T13/T13_021,1539040.0718749997,00cca3320a8695b315f4096c7bd1d6a35a7888fd42d701642bd1a27550fff581
T13_028,main,T13,dataset/main/T13/T13_028,474534.0330357143,290a9c84c6a7a7873cfe4c470775fcef9c79ee11cf768e5d88e0984561d1d53a
T15_001,main,T15,dataset/main/T15/T15_001,5685.0,b6c30dfc1210801acb375821456427973f489109b90cdef1a8979b6f78083859
T15_002,main,T15,dataset/main/T15/T15_002,837176.0,6f4511d000d3770aa878212afbe10c9a3086de07dd95b30512c1033f9b0cc5b0
T15_003,main,T15,dataset/main/T15/T15_003,1206802.0,7edc4866e4cb428850847a8f3e64e6cd77937274ecfce886c86351d72023acde
T15_004,main,T15,dataset/main/T15/T15_004,938547.0,4fb23815b005ead36f374239a527112b70cb967f0928b6a450f1f7865b0a7634
T15_005,main,T15,dataset/main/T15/T15_005,778458.0,ef05008e5442629f7474cb881f01623b4a3c0370896f3f99ecd540cbfea58403
T15_006,main,T15,dataset/main/T15/T15_006,2272080.0,8a365f23a226f8c6171afb5c639737019b3f444d2bdcd54f10d61736a0c5e67b
T15_007,main,T15,dataset/main/T15/T15_007,2446427.0,cf881b4b4c28b57392d26624516835b421b2d9a71510a21b016471ec9df3b9c8
T15_008,main,T15,dataset/main/T15/T15_008,27179171.0,813e26aac646a7d855b1c65a6ad5d825f72a7df0b0697761ac4fc25e8c278c64
T15_009,main,T15,dataset/main/T15/T15_009,20153885.0,65b9562bbf02ae34963b34c0bd34af19217ae2d01cffcc3d8fa5ce83d9e67348
T15_010,main,T15,dataset/main/T15/T15_010,815034.0,6f31eda84c61df5ef628177dcd9473a8475ec77f574c246b2269b1c6262bc133
T15_012,main,T15,dataset/main/T15/T15_012,245.0,1ddc15eb19d49d2b158ea5327c1c733db1b528ae0386bcf89ad202baf4d1d3fb
T15_017,main,T15,dataset/main/T15/T15_017,6509.0,73834b375a2aca2044417d7182d4cc76bb4c5726cf0d4fbe1a9696ef45f1089c
T15_018,main,T15,dataset/main/T15/T15_018,2033.0,0b064ee8fe0672d3b4d9e18c7d4a40e5e49b850571b70ff437acd97188cf7f1f
T15_019,main,T15,dataset/main/T15/T15_019,5841.0,bd6f1e302993182132c56635c816b528b1159b064732e674e1d4e41d24c6563e
T15_021,main,T15,dataset/main/T15/T15_021,6586.0,98a64e8accd8b4dfc31237629fd9e386a76cf028f510be07f28508e8304eb2be
T15_022,main,T15,dataset/main/T15/T15_022,6051.0,a1e6fd6d721647d0288466d37d063a0286e1e22c6adbf32193a9287fe2af5dff
T15_023,main,T15,dataset/main/T15/T15_023,6528.0,bf1a676701b3b5a63ac440f174ba2a2b86d8e910e3d3e67df0a13a37bbc25437
T15_024,main,T15,dataset/main/T15/T15_024,6755.0,4d379e36619631954604b75d5536a5d6e096401c0b6c6e40f8fa591ad171677f
T15_025,main,T15,dataset/main/T15/T15_025,6918.0,721b359cabb33e7cb7a5ae54d714205bfdd3d1fe07dd60ded60bac205fa1057b
T15_026,main,T15,dataset/main/T15/T15_026,6014.0,3b446dd5554bb142962e0eb6696b453a2cd1bee4ab8c5e58543587360b32d4aa
T15_027,main,T15,dataset/main/T15/T15_027,2870.0,64fcd15b72eb149acf083b8b374c069869da6967605d161d4024827ed5ce5203
T15_028,main,T15,dataset/main/T15/T15_028,3043.0,0a225e7ada840ac88035eb66660c6ac3103415b7f8dd6efdc6754cf5549a877e
T15_029,main,T15,dataset/main/T15/T15_029,2875.0,895c82964f096740fd687c57d2e2ffd04969a154729b45e74d308a9842e0333e
T15_030,main,T15,dataset/main/T15/T15_030,2969.0,c9d8abe5c66ef4e372cda8b87c04e14ae119006483e95510370e97008a64f17d
T16_001,main,T16,dataset/main/T16/T16_001,628.920885104293,03de0a00a9a6517fa39c9303f40d0ad6d203360fac4e17b0df93a12726d10d80
T16_002,main,T16,dataset/main/T16/T16_002,630.4125815902631,fdb544956496775d57a22c88d869aea78660e2e17bdd6a8435e12f0cf9f696f4
T16_003,main,T16,dataset/main/T16/T16_003,44010.14633311097,651f81283a717dcb3fcb09f0696d8c183a35578ad4c1142aedf9da2dc9f94c40
T16_004,main,T16,dataset/main/T16/T16_004,44010.14633311097,9d72725fce2b1cecfa90ed15c7020d6e791f4f1e6badf09ada4a0e7738e98454
T16_005,main,T16,dataset/main/T16/T16_005,12247.253333333043,1e9ec98b597296741e4f4a59769ef7d60e34cb401d60951133a96e11e66ee2be
T16_008,main,T16,dataset/main/T16/T16_008,10821.416666666379,7197a43b84edc367e3d0f5f1c7320c75dbd6b7b3c9e89ea33ac11119cb798b3d
T16_009,main,T16,dataset/main/T16/T16_009,11871.910000000007,202ada36becd469831dfb3fd7940c61aafc0b1c3462023c00564323cb66022ef
T16_011,main,T16,dataset/main/T16/T16_011,11040.773333332943,31cd26519094fc8ea15216829f14d8b16b6ab1aac14a1533c1dfa6160fec25b5
T16_013,main,T16,dataset/main/T16/T16_013,12897.726666666747,3a3be47c171db42b63b018cdbf8a6e0cec162a07e2d672eec497e11f469083e2
T16_020,main,T16,dataset/main/T16/T16_020,10983.816666666706,d3fdaba54398ecc83cf30921e5bdec2d80fb82d99d160d960f02d0b8ca5fe08e
T16_021,main,T16,dataset/main/T16/T16_021,631.2358833762237,c628c0cba61a6f22a09e21fb6fdb20fe19bd4bcc309e34c76e6b52f6b4e685f5
T16_023,main,T16,dataset/main/T16/T16_023,630.6314104053009,0ee19ce91354ce953b74d710f27ac2b4edb8f7ece4bdbe31969b4db1506de240
T16_025,main,T16,dataset/main/T16/T16_025,11311.40461538461,e83a60b17c6f819821826886a310e7070eb11db765dae6e4d606e21b7c45afc0
T17_003,main,T17,dataset/main/T17/T17_003,1942.5714285714305,27de2562369e757f9061114d5e2675d1a4b7b5097c2e9eab03ee659a79f49884
T17_004,main,T17,dataset/main/T17/T17_004,1837.157894736842,e9d6493ac4fd42d42454d30d8c761f481bd2171cac06eb88b9eb1abb100c06b4
T17_005,main,T17,dataset/main/T17/T17_005,1847.25,bd500157569aa487dd48e636c41153e3ab8cdaba375f76e60124df08176460cc
T17_006,main,T17,dataset/main/T17/T17_006,1838.3750000000011,e31a052d208650d0248e101788494218d5745da60edaa69332364edafd9c6b50
T17_007,main,T17,dataset/main/T17/T17_007,1821.9090909090912,7e9a65263e7e7fd0d6455bc9b244df4f083667e53ca919bb01e9f954636445fc
T18_001,main,T18,dataset/main/T18/T18_001,1455.4340000000002,a8043fe107fca5ab0b30e39ff4e4a9e7a74c66dc1b6a78756c1afd211878b8e5
T18_002,main,T18,dataset/main/T18/T18_002,1455.4340000000002,a8043fe107fca5ab0b30e39ff4e4a9e7a74c66dc1b6a78756c1afd211878b8e5
T18_003,main,T18,dataset/main/T18/T18_003,59761.0,45ecdabe0f7050dc92cc87487ed862c106648e477799591c8dba894a184a342c
T18_004,main,T18,dataset/main/T18/T18_004,61264.0,7db75cd84c86e1b2cad69758e71ac8ddc80df3f4b63445891937cf723bc74e60
T18_005,main,T18,dataset/main/T18/T18_005,63653.0,dd3445e9447f0818848fff7ab53072b69c06d26c72144345047feb532a1ffeec
T18_006,main,T18,dataset/main/T18/T18_006,60311.0,6ea0ef24cf3a6d29a02638a7a708659d587e454ae044d98e5e9226ca5eeeac32
T18_007,main,T18,dataset/main/T18/T18_007,64762.0,90fecb6d1fb287410bc0ce05c52108f9c66dfc3aadc2bd262e31ce5e84e0c2fe
T18_008,main,T18,dataset/main/T18/T18_008,60540.0,7f44e8a93af1e167b68c14bc035d8949c6182a59f4a0eb7d6fec29aba8fcbcc3
T18_009,main,T18,dataset/main/T18/T18_009,61377.0,3d8ff998a37bfec6b9a3cc570187e92b8e32d71abaaee71d138ea50c518dfe29
T18_010,main,T18,dataset/main/T18/T18_010,483321633.0,dea5d1bb1b5ba7098311c4e08577e66cecd9ef10a7e64157216480f889035827
T18_011,main,T18,dataset/main/T18/T18_011,532040176.0,6ca81d45b603498e86abd35b42af024ce52b89044af311399ba63969b7c0cc36
T18_012,main,T18,dataset/main/T18/T18_012,580380214.0,8ebfe654a43ffd15afdf2e322d3d2242bffb87af9522d96a5d4c95eac1696a9c
T18_013,main,T18,dataset/main/T18/T18_013,630418217.0,b5b0e7d393fea0301c378c295f40dd984a656cce7a9a412bbff31bebc1f89d57
T18_014,main,T18,dataset/main/T18/T18_014,677426929.0,78d293043902aa2001217b1a139c1c03c2d9e13bb155770d49b67c9b7809d19e
T18_015,main,T18,dataset/main/T18/T18_015,1452872429.0,dfca6caf096a157bebf9c315835a9fd7de066d60809518a56b94463203b798cf
T18_016,main,T18,dataset/main/T18/T18_016,1570982077.0,0ab7951a9e24aae6d1e4631392ab97ecb04772185593a2344838add07a8abe4f
T18_017,main,T18,dataset/main/T18/T18_017,1694069979.0,97f85e85b79bfc2d72026f7bd77627f25b6743142f71ce50d30d58202462fff4
T18_018,main,T18,dataset/main/T18/T18_018,1812240352.0,b2bf293cf65d8ba46558d2c8795daa7f1f5e6fe0cf5de9a5325c3bf0168e3a16
T18_019,main,T18,dataset/main/T18/T18_019,2432.0,de8bea2dee760816b7c64d5350b449b66e52ab84221bf5fb6e1d12fe0b6cb313
T18_020,main,T18,dataset/main/T18/T18_020,2230.0,7d6921fbbdbef8478fc8b701254b325d4264d60207fad4ad0aa3a6e0376732ca
T18_021,main,T18,dataset/main/T18/T18_021,88000.0,2bee31f37cade2e49c3fae565035cd5bb7c44acd766d075c7c8ab914ca997aee
T19_001,main,T19,dataset/main/T19/T19_001,92045.0,b9a6c0ae26380b068c0497a3a2cd9d2435e8b71548eec4edc627ff0fe5273168
T19_002,main,T19,dataset/main/T19/T19_002,307.0,6d71064311b3e606751d445e489bb010eee0de218192d9c3351d1a292e63d8de
T19_003,main,T19,dataset/main/T19/T19_003,92045.0,b9a6c0ae26380b068c0497a3a2cd9d2435e8b71548eec4edc627ff0fe5273168
T19_004,main,T19,dataset/main/T19/T19_004,307.0,6d71064311b3e606751d445e489bb010eee0de218192d9c3351d1a292e63d8de
T19_005,main,T19,dataset/main/T19/T19_005,999.0,3e702459c908fa145bc595ce9dc64414206e26f6666237b9528b1226ab5f7766
T19_006,main,T19,dataset/main/T19/T19_006,938.0,9dcfc7930f9aa0ff82d1ba93761e8089a2515b8e4c86e5ccc0c7d9c67dec81ae
T19_007,main,T19,dataset/main/T19/T19_007,1060.0,6cd35dcd9bf59f41616a8b6e67af9a3725acb69cb28708adf74dc120cd4d6d1d
T19_008,main,T19,dataset/main/T19/T19_008,1064.0,b2d00b9523bfec89b1665d772fda1d7397a8cd3028acd59b30d9683bc2dce806
T19_009,main,T19,dataset/main/T19/T19_009,1397.0,236f3c635ec5a6720bc345be2efaa2ee690ca4a9cd63ef1463e8b243f83c445c
T19_010,main,T19,dataset/main/T19/T19_010,931.0,ba427a758a8263ea91c8198878b07158d1b0fa7565ed3dd25ce871aab79e3553
T19_011,main,T19,dataset/main/T19/T19_011,948.0,2ea5231203ca671d936aed74ab34fdb4c4cea62c109929fad3d72cf6802bca9d
T19_012,main,T19,dataset/main/T19/T19_012,931.0,7a16109557db1458ed7237bb5b1d618b6a062f4347c9453e973300b3993672f9
T19_013,main,T19,dataset/main/T19/T19_013,1912.0,051b778e0bf8f8cc1134a2019b89e72c98e55957940a8af9c407f463149f1aa7
T19_014,main,T19,dataset/main/T19/T19_014,992.0,39e56738d0487f312042c38ff640ab73b75ba313ade80126513feea81fa323bc
T20_001,main,T20,dataset/main/T20/T20_001,21164.825225646346,ec69cba34d403e634d4d5d8dc9812fc6688cf919d654880f1e46d786e0e03d61
T20_002,main,T20,dataset/main/T20/T20_002,493373168.64012176,0b8d74b4e8661bfc0563e95b65951047dc8ec18e8dac72b5958049ae46a4c0fa
T20_003,main,T20,dataset/main/T20/T20_003,349993.0,dcd1c49d4c069f6c9e99a35a2b2a108fd21d8486bf907915c6c979bb60306c67
T20_004,main,T20,dataset/main/T20/T20_004,1840562.0,765ab6d83b957782455fc8486a0cbbecf420376e6bab86a7efd3b87dab95e691
T20_005,main,T20,dataset/main/T20/T20_005,3586265.600000002,6b148ed8ff9ffc0d4e77166680f4318c7f132dd07dc5be1acb658587aa85f587
T20_006,main,T20,dataset/main/T20/T20_006,28640372.333333336,7a930b887d9f54d1788d3479b3aa5c0c0356796681163aaab6cfc686dd1c2f5e
T20_007,main,T20,dataset/main/T20/T20_007,8.942391751622003,fe38271bde49515f3c03a31c392e4532136b92674750e8754711fd735eea017e
T20_008,main,T20,dataset/main/T20/T20_008,9.24767894447819,b8a0fbbe49d9512a720804c810e249a5d917814c9478494b18679b9393879b81
T20_009,main,T20,dataset/main/T20/T20_009,11.906131306880834,86090aa8edf2b48847784169bcdd62ed63ba69fae0fe098408aac28a1b2ae038
T20_010,main,T20,dataset/main/T20/T20_010,67570397.0,f8c9f769605948ee044e62e4d7200fa78c07e1a669fedea60dcbe5243b231f4f
T20_011,main,T20,dataset/main/T20/T20_011,63130169.0,408a53b5f604680c8138a46877f4e6050b940860342595a48e6a9fffad7e93a2
T20_012,main,T20,dataset/main/T20/T20_012,63493506.0,31e9e8901f92c4e74e335db2993d7fc875ec52a37f378686bf947e10b1289cd3
T20_013,main,T20,dataset/main/T20/T20_013,68835006.0,332b637a58e2e007c52deb1734b1db9a71cbbf530cda4b19dfc5930af9ad03ef
T20_014,main,T20,dataset/main/T20/T20_014,68573044.0,3a0230281e3139486d0566cf41dc7f76471bda0a38ff099ef4ddf669c2dcca74
T20_015,main,T20,dataset/main/T20/T20_015,21313324.0,cff96a86f87dec2f684b9107f378445673ac2f9faec5e0d5e375e4720bbae013
T20_016,main,T20,dataset/main/T20/T20_016,19028279.0,778b1cf742b9fbf30ed609a3d197b521e3505ed8bb0d9e4396d2cce9b2497788
T20_017,main,T20,dataset/main/T20/T20_017,20193355.0,584dcfe4441c5b8680a152694ee40ecb35dd51bb9aa2b266251b3b1227e4ba2c
T20_018,main,T20,dataset/main/T20/T20_018,25483342.0,ab3ff4c18848c56693055b9079735da390259daa6add943f8a1fa0cf73c3bac9
T20_019,main,T20,dataset/main/T20/T20_019,22523303.0,12fa00cdc8c3ab91c053c571f438cbda3cf53ad1999c359b7916c48ec5f36a56
T20_020,main,T20,dataset/main/T20/T20_020,2470390.0,e8b35382d88c60584eb54997d1b473c6d04e9ff9844d70ee7228c3b6e062f540
T20_021,main,T20,dataset/main/T20/T20_021,2475870.0,080012ef6b4fccfc698b78c256f97d30be94880742e86f42f7d69a2f443bac00
T20_022,main,T20,dataset/main/T20/T20_022,2481310.0,d7c76ab2a73190817b96aaf45b12ef4fd138ca04baf0da0fc2e0d6c320172ede
T20_023,main,T20,dataset/main/T20/T20_023,4277290.0,61d836e545744e1e29da7b2bece24dc4b47ba02314ee00d7d120361621545523
T20_024,main,T20,dataset/main/T20/T20_024,1589.7941329992027,154427bfdbfba2f580b419080826c6926f3e27941a9db029bedf2516b8d24275
T20_025,main,T20,dataset/main/T20/T20_025,2351.321205980378,e3cba3205e106b20d7007569e42eb57507395bf87b030e9754b66538b078d495
T20_026,main,T20,dataset/main/T20/T20_026,2375.2959869978604,63f73a9be11f7ccd19eb3222329262fc97a7fd4d576bd6c1c631a90935822bc8
T20_027,main,T20,dataset/main/T20/T20_027,750.0,bf2d8349d0e40a9ebc9f7334338052bc83322029d24c26474251b9fc0458660a
T20_028,main,T20,dataset/main/T20/T20_028,882.0,27eb9be2ecf73720e48564e073de54134904c847d4eef7ac81fd0aef795a3990
T20_029,main,T20,dataset/main/T20/T20_029,432016.0,3f012f18676042a60d94cc24411896f23678b45c5e64700884a55cda585a2bd9
T20_030,main,T20,dataset/main/T20/T20_030,1304.8100639969339,a80b09df15ce7edfee31ff6baa2abc054bcd41709e2eb72a53f3edb5496a2639
T20_031,main,T20,dataset/main/T20/T20_031,23873981.68333333,37ef1b48f5cbc7dfc5847f1838f969c30db37db0ff9b7e57aac24d8ffd126bd4
T20_032,main,T20,dataset/main/T20/T20_032,1657.977263998359,7d561bccf2af61fdde11829228fe62ef7db122a2586d6bf661861550bade436a
T20_033,main,T20,dataset/main/T20/T20_033,1731.6378289957722,cfdbb6624dd9e0b59e4f411b5c6bc04af37e09b9e483eeb74fbae4ace1fdcfc6
T20_034,main,T20,dataset/main/T20/T20_034,1773.7811199926582,51eac3ee5418afa57db38a321e500d9fee19c9f56b89c9a017ac93ff11e13d18
T20_035,main,T20,dataset/main/T20/T20_035,1909.054900880329,ae3c14c617274b92d9541474033376fcb3abd9deb5325c6159b03e69c4124832
T20_036,main,T20,dataset/main/T20/T20_036,438640.0,49ff72cbfa713bf6499df012ae9ea191cc47a8209dd8a9905013d391d2aee029
T20_037,main,T20,dataset/main/T20/T20_037,402936.0,24ea7531d24d2e6a7e3a1c0e5ece9fc6272898ed472e974b01eb7f1909ecd17c
T20_038,main,T20,dataset/main/T20/T20_038,461352.0,87acb750117a8dc7da530abcc8f97a390feca1b4ec7975b6dcd0db40124b442d
T20_039,main,T20,dataset/main/T20/T20_039,459064.0,ca4c01a285a9ff366df329283f79ce2733f2c969252605b774c97d45d662d2a3
T20_040,main,T20,dataset/main/T20/T20_040,1690.3282588929071,7501ca34cd3d7dc9f880800cf8fd57be623e2709f7e6701407b720bb93a9ef12
T20_041,main,T20,dataset/main/T20/T20_041,1787.6315869991483,36d1ef5328e98caaf285312ddacc928cd0d7a9ee8a2c75c51f71b0046823a996
T20_042,main,T20,dataset/main/T20/T20_042,18842086.632966675,d948a9d55f035c15f2196f81f5229b548152171b5781fb7d96ab53eabb123c4c
T20_043,main,T20,dataset/main/T20/T20_043,16978242.515733328,bae831e3a4557edb9b9564e8539a5ea3e868b97be49c496bdafe5acad48fc8fc
T21_001,main,T21,dataset/main/T21/T21_001,1220193.1775999966,40161701d3ca11e77bf49ec0f2a2cf11dc02446a0ce76e4d87c1503465d94521
T21_002,main,T21,dataset/main/T21/T21_002,339654.18239999993,1491e244d1578ecde62a33c7474de087c945f6a5b77409e59d59625499664bef
T21_003,main,T21,dataset/main/T21/T21_003,361399.3472000004,6c55424e6fcaf8c4c5aa1cf2ee379837620307f6207b406a3ebf3eba4cea23e4
T21_004,main,T21,dataset/main/T21/T21_004,381543.76960000116,cd854a54098f29010a99a2683ad597cf4b57a2a120f1bf56743282e57b31a4dc
T21_005,main,T21,dataset/main/T21/T21_005,410793.74080000015,b92e808b916c8d851c630adee02dc68082458702515f8b190d0480fa5cf7e5ba
T21_006,main,T21,dataset/main/T21/T21_006,444226.39359999984,ab8ac5021a0dc79cdc45e37dfeacc5b39a36d1dbc5c17971cb2ea9691eb033a9
T21_007,main,T21,dataset/main/T21/T21_007,459591.1168000001,4bc482af6271f34ca1f0e2e195844c35774cbaab7b2b1c33a0b3ed1c29a491af
T21_008,main,T21,dataset/main/T21/T21_008,514413.4912000001,33304bc8162c8a524009351db51137db8492049921b796c9227aa863cf91633c
T21_009,main,T21,dataset/main/T21/T21_009,565149.8368000006,a16ea0893a22c13621feae4782b079a9adb14bc79013bf5a4c2a72bd9034c650
T21_011,main,T21,dataset/main/T21/T21_011,386241.1839999999,7d16b270e188ac54102db0171cc19c3ad6f032b6762beacf28d3ce38c4c08475
T21_012,main,T21,dataset/main/T21/T21_012,409580.32640000107,15d78cb605587e00a98582d218ff67beafe626322b5dc3aab0d7deebdfd32588
T21_013,main,T21,dataset/main/T21/T21_013,11793178.0,d66eaf25e1c283c297c95ebf208acf65ccfe9455836f0355eeb4bb6136836f75
T21_014,main,T21,dataset/main/T21/T21_014,11859988,cc4ebcf3a02ba271b29ff5a19939708560b19d8b79fb67ade634f79933696ba1
T21_015,main,T21,dataset/main/T21/T21_015,11829041.0,3e2b9b416b2651135d87f89feeefcb3f9e4aedeb71d5cd1e24c20ae85349b0a3
T21_016,main,T21,dataset/main/T21/T21_016,67349342,e90529870f8b568c71ca16ca11d01402d176d80b33f64d32a70f6910b94691f4
T21_017,main,T21,dataset/main/T21/T21_017,67329417,d16a7e989aa38d13135bdc4fa8a9e179f04322cd5b0f260edf850bc26ad5644e
T21_018,main,T21,dataset/main/T21/T21_018,67368364,b554b87afec3c926306337f1b82331024e6860b0fcd3add94204408467801173
T21_019,main,T21,dataset/main/T21/T21_019,440946.7392000002,8ecb9f2cf0e8b0291bb2b55527a6f60042c759d7aa831aefb0a8c8e7e45d75d0
T21_020,main,T21,dataset/main/T21/T21_020,1360.4418699999999,e45c230c95452abe3693168780982d1100c27e4045606544fd801ad99c4e8798
T21_021,main,T21,dataset/main/T21/T21_021,1340.2391000000002,c99d390b00bf24148aa32077500534393db3524dd481d796b483340adcdf910a
T21_022,main,T21,dataset/main/T21/T21_022,745.2501,1442767f0b68c43f17f26f805fd085888ca352d804ca47799de607537193bb7f
T22_001,main,T22,dataset/main/T22/T22_001,33111168.999620434,fc02dfc7d0f7a0745abba2fb126bc6534cc3cbf7a2ea1ca98d598ba178453d7c
T22_002,main,T22,dataset/main/T22/T22_002,36360912.28406972,b09ebdb4c6d5e327288573ae454e8935527b97478407116617eb6c5e1bb1cf11
T22_003,main,T22,dataset/main/T22/T22_003,29731282.553905383,3f2101e66b6d9d968c0463e0e1e3235d069a6786eba079132a3694ea3d117e8c
T22_004,main,T22,dataset/main/T22/T22_004,32992915.20978392,91e7d61a6b664b35e129bba30f64d67d543d4dc4fe241d3cd70f717fcff70178
T22_005,main,T22,dataset/main/T22/T22_005,36402051.65271179,d6fc4108bfb07a3c9992a7b64bc5bf966f510b6826996a41f83a1b3071b78d81
T22_006,main,T22,dataset/main/T22/T22_006,39639865.731688544,474ac2a0ad8831385953591074e4d52fb025489d376accb0c8f5e8c4d2576b9b
T22_007,main,T22,dataset/main/T22/T22_007,42954216.73613853,055376197877338401bf033660c75bf2d12a5d2ba35ddaa3077be088953b252e
T22_008,main,T22,dataset/main/T22/T22_008,1288.572440349271,0f3d25dcf5cc297230545a1a6be099855efa238c3e15facf527b38eb82508fd2
T22_009,main,T22,dataset/main/T22/T22_009,1284.876549140206,85f11b2623de0db27335bbadeda673e1078a008ced5158764ebe4a0e3daf4e08
T22_010,main,T22,dataset/main/T22/T22_010,1339.0964473998768,7bd3529a1f4c0bf315e02518b1d252f27abc4d7f57a382e7da3f4448c0e80af1
T22_011,main,T22,dataset/main/T22/T22_011,1359.776337874897,d7c6435d03e87fb76f134fe4e685b354d3dc4e1852a07220a8a84b8df9441d17
T22_012,main,T22,dataset/main/T22/T22_012,1304.546748567903,c8135fda00b5dd160a92330cc5a6b2bf6e5852e775b912f999779f1f67b07e30
T22_013,main,T22,dataset/main/T22/T22_013,1362.6546984581616,38515601d91f0c6237f7e3d704c8388b7aef066c732b3951ef78323e36e425f8
T22_014,main,T22,dataset/main/T22/T22_014,1298.4260725242466,4649a378131076fca2d8b16e761156d915a0e9c2db98243d6c2307853306a49a
T22_015,main,T22,dataset/main/T22/T22_015,1361.9782484397888,1170708a5f10d63ff03aa96f36b74f69a9e191c45d1a409e1658029ffb19b332
T22_016,main,T22,dataset/main/T22/T22_016,1372.7590850212353,2cfa46353a028ad9acad189d3e88c305342d64c2e3432c417b2cd0d2b1b75673
T22_017,main,T22,dataset/main/T22/T22_017,1359.2589354624802,8c1af34f7e1dc5c541e1e7d89b68e8e5dac8132bdcb99f1bd331a178b3d83ba7
T22_018,main,T22,dataset/main/T22/T22_018,1383.1269317512745,af28ae2b7a361957ae9678c69cea5c2c3efabdaf0fc7ac63ae08410a21af3154
T22_020,main,T22,dataset/main/T22/T22_020,1360.2622548740737,68cc20a4fc6a5bbf5205b08affdeb42fcc9cfae287ee16aa9c739af270120d07
T22_021,main,T22,dataset/main/T22/T22_021,1412.714063639915,8a418bd9fef11defb7e69842e33c091de2bf07b327f76ef55a294fa3e1703882
T22_022,main,T22,dataset/main/T22/T22_022,1383.090553983179,49596418709e7847c8a56fd453a76cf67c01cf7b5ee421af7d2a1a103ee09bc3
T22_023,main,T22,dataset/main/T22/T22_023,1313.0355748043519,1b530440b114e2950c330783a593c998c087b18180eee6d18c8d608e11de92ef
T22_024,main,T22,dataset/main/T22/T22_024,1381.1126090355563,a21750256209299685b03a56104682135f328258587ea960456a381387ebb130
T22_025,main,T22,dataset/main/T22/T22_025,1252.8892830751613,4c42aa54c43eed03a3c9aa571b454d3cd8c7f395a47f4b85b39050c4ee9743f3
T22_026,main,T22,dataset/main/T22/T22_026,1276.2857791359536,0357295ec6a08fc3b2825ff528bd9e87fd0ff282818166f01b5240dd5b6ab2fd
T22_027,main,T22,dataset/main/T22/T22_027,1361.4086552543404,dd8edd5bf67c7f19fb55ed97ba25fee69d5c3f7254f3e8bdd44ce71c15fc69d8
T22_028,main,T22,dataset/main/T22/T22_028,1407.8705970634414,ac63254022092fa0b81a9d08b278a9d2b05e76ca7cfe9d7617ba388eb2cdc177
T24_001,main,T24,dataset/main/T24/T24_001,174.0,e6de902396f51879adaf1a241a6f5d59739f4d927417055363a9b4c3e63af44f
T24_002,main,T24,dataset/main/T24/T24_002,174.0,e6de902396f51879adaf1a241a6f5d59739f4d927417055363a9b4c3e63af44f
T24_003,main,T24,dataset/main/T24/T24_003,174.0,e6de902396f51879adaf1a241a6f5d59739f4d927417055363a9b4c3e63af44f
T24_004,main,T24,dataset/main/T24/T24_004,174.0,e6de902396f51879adaf1a241a6f5d59739f4d927417055363a9b4c3e63af44f
T24_005,main,T24,dataset/main/T24/T24_005,174.0,e6de902396f51879adaf1a241a6f5d59739f4d927417055363a9b4c3e63af44f
T24_006,main,T24,dataset/main/T24/T24_006,636189501.0,9dce1d07ddcc4078377d9c94c8212538a852c1703cc48d8e7257e7597cf8739f
T24_007,main,T24,dataset/main/T24/T24_007,6890316009.0,f50310cd845c634204f8d46b45970bae8d4c9e0cc8f810373126a46918ae157c
T24_008,main,T24,dataset/main/T24/T24_008,7521.0,124d63ad342e56730cc3b826b59fc1fddbcf58190670588e1add00f1756c733c
T24_009,main,T24,dataset/main/T24/T24_009,2979891907.0,21c23f5a1c5821850a1f1a902379ccf225bb15f4fceb6dfae0c3dcee446542ec
T24_010,main,T24,dataset/main/T24/T24_010,9166712870.0,fa4d1dc8d7c98766cb908b08f3c222f09cf48f4041af9a37ba52b4757d32ff7b
T24_011,main,T24,dataset/main/T24/T24_011,8307397790.0,bdc7f58cde9f61d3b837a0a65e33766504c4db6f91db308b404ec5a12259ba66
T24_012,main,T24,dataset/main/T24/T24_012,5873373.0,4ab2a2b36d929b3b95541c3aae231f1d3d2df88551ddd610cb53d14ffdc11c82
T24_013,main,T24,dataset/main/T24/T24_013,7832643.0,5663d7805a1ef7671f5ed7d52161e64395ccb82994894c977bb88c5c781f58af
T24_014,main,T24,dataset/main/T24/T24_014,9794133.0,e78ffd68feb1305a0ae8a9ca88d5217957ce030babf470ec3de4b702a43495ae
T24_015,main,T24,dataset/main/T24/T24_015,10773053.0,2cce5913869b403a0682dc2e599471620b64ff80283f7162e6dc12f716dfc1a8
T24_016,main,T24,dataset/main/T24/T24_016,6853519.0,2ea0bdfd18357f7c7655ee8f7a8b7ed81cc4988806270342788c587dd662a9f6
T24_017,main,T24,dataset/main/T24/T24_017,6657925.0,909d98019c3e97acd78a471c9ea2e09efa6868a4b0d1e41d2de395e8895a9718
T24_018,main,T24,dataset/main/T24/T24_018,6100.0,0026147f69697479ac3edeea74d0f82f9a8121a4f4704bbea1bcc7865e44ac1a
T25_001,main,T25,dataset/main/T25/T25_001,19,f9e63ce93b052eba7d9696b87c187ea2d50d8ca893f5be3dbbf89f6290cb28bd
T25_002,main,T25,dataset/main/T25/T25_002,19.0,93170790a21f19bd1483e4c5559fcbbd4addf5d7a4890c5e63ebf712abc7539e
T25_003,main,T25,dataset/main/T25/T25_003,180224.0,2825055319030fc3008dca811f47eefb3e98d7bdca251155fdc6d59bf15f7634
T25_004,main,T25,dataset/main/T25/T25_004,916.0,0194e1b7f75fc015e269d16e47a80a5dc673bb41ff1ba91ded95eefb981a7672
T25_005,main,T25,dataset/main/T25/T25_005,1523.0,4ccece1589f31c3179c6e1534061ffdc8498b3425cd69863a127369240e36435
T25_006,main,T25,dataset/main/T25/T25_006,2133.0,3e760af3be259afcc40ab9d505d3ad5ec4e33c69e8677f80da985e626ea00ba9
T25_007,main,T25,dataset/main/T25/T25_007,1211.0,5ba82f20f7548b22a3d484f026972c44dd233681c1e7f814d9ff618839c965f9
T25_008,main,T25,dataset/main/T25/T25_008,1820.0,8f7f3d59f8457274e739027e6953575102bc3be47a78e2dd7556513e67e11388
T25_009,main,T25,dataset/main/T25/T25_009,3647.0,c6b0e4734f6eb858096e0ec24c087f86e286ab2bc4cf89b2c63e11f9a078384e
T25_010,main,T25,dataset/main/T25/T25_010,3937.0,dd81cb0a71b829695017d67764ee1b91796410353da0e844c7bdf4c6dfc19973
T25_011,main,T25,dataset/main/T25/T25_011,6360.0,47282ba3c7097e3b4d7304d7ba43430efa7d8b479e573b094585f0f148738d39
T25_012,main,T25,dataset/main/T25/T25_012,6675.0,c51db966184e48cae4edcbc439f3b2747b493d7948b1987215e8c32c125f360c
T25_013,main,T25,dataset/main/T25/T25_013,5465.0,04195ed6008601164310284985521abac53f73b5d3a45ce638eba9d55d21c5a8
T25_014,main,T25,dataset/main/T25/T25_014,6695.0,826c91bdf771d198a48612efeaff1195c93d4087d8224a4ed14ca7daf8b88229
T25_015,main,T25,dataset/main/T25/T25_015,39420.0,ec737824f260c579b772aedad7d5b18d1ceeea15f594d794da92e4d9647ed4e0
T25_016,main,T25,dataset/main/T25/T25_016,39447.0,80cb1c4dd9b7f8b1898a418f01045d746c9e3f37d5b268b5d587183049aa3fce
T25_017,main,T25,dataset/main/T25/T25_017,39376.0,e2525ac7c52cb20a41e3cff402248df56f5dfed5f07bae369da8d23f633cb94d
T25_018,main,T25,dataset/main/T25/T25_018,39311.0,2194ab6748bb1c30b2c7ec2f02d06ab81d6bfe008041a993f0b94b69c6e28777
T25_019,main,T25,dataset/main/T25/T25_019,52.0,ecb6111178681b4cd89796324e33da25ad34e91ae57831aac61c0465ca348833
T30_001,main,T30,dataset/main/T30/T30_001,40.0,720239908dbda941c142136858de650503b0f92ed0f0108d7bcd7a8d7c241949
T30_004,main,T30,dataset/main/T30/T30_004,46607.323,c8cf779f326b1b3584e5500108310605e7aad6400d868270772b96c03cd4c298
T30_005,main,T30,dataset/main/T30/T30_005,48912.73700000001,ca5b48235b43d1636f0cf126235706b67d296ee8289f2d95d8ef9d147eb2c473
T30_006,main,T30,dataset/main/T30/T30_006,46891.47799999999,922b1ecf6c1a29936cbf1b6343a99fae9853f114547013843b2fa72243bd7877
T30_007,main,T30,dataset/main/T30/T30_007,50909.946,68daf27e5657574166987d24f7ccc784b05e368711bdc095a2b878aa900a995a
T30_008,main,T30,dataset/main/T30/T30_008,51366.823,f00c20498d0f6061a8bd2d2f9737c01dd5087491525c9957e3e51251b9a08240
T30_009,main,T30,dataset/main/T30/T30_009,46221.588,bd9690f04731b575c333f4eac4d3d7f9a94bfb82daf1600f1a9ac4c6efdb617b
T30_010,main,T30,dataset/main/T30/T30_010,50186.259999999995,eb1febafc8535330cd25a70ee9f7df480e7ec569c331719475dab9c4c1fe6f39
T30_011,main,T30,dataset/main/T30/T30_011,51226.345,f992e492ea7d822dbf909f61661e5a40e1e4d59fecdfca5b94fdf0aacfe02629
T30_012,main,T30,dataset/main/T30/T30_012,53048.170999999995,dd150c47d8ffa997f664133e4d367220dfc68511e0cf1ca3df0a9c60d5b6b4d1
T30_013,main,T30,dataset/main/T30/T30_013,50293.506,4144fb94c7569ef1afcc94432751d00d522a497d6b7473fe4506971fc3648165
T30_014,main,T30,dataset/main/T30/T30_014,51749.37000000001,d5c2464d9a7bc5a0ec9506393ecb8fc3bccfc12ee051ab56333d1d61326dc5a6
T30_015,main,T30,dataset/main/T30/T30_015,47783.931000000004,f230d1f2cc7eccb78b714208d2d215a0f5ff661ad159a4d0fe579c8dd487f99b
T30_016,main,T30,dataset/main/T30/T30_016,52002.96399999999,cd50407648cfed7c8097b1e795b6bb07d93c1717a9179e0d008f36a6630defad
T30_017,main,T30,dataset/main/T30/T30_017,98752.24,8f1c3bae7a21cad3c4b8945ca2b88b87a467c336454c22118e5d1b199722d1b8
T30_018,main,T30,dataset/main/T30/T30_018,394056.40900000004,77839ce89ff3040779020985a641a16b0178cee9ae651e44fa9c70722fa011f3
T34_001,main,T34,dataset/main/T34/T34_001,821.0,29ebfe08e94b795a31ff2c1144174f12f4258d48ee0c6be81aa0fd9dafc586e0
T34_002,main,T34,dataset/main/T34/T34_002,814.0,51b97def6f2a9111f387b003f08a04644c4d18f46bbc82970452b19b802e36f8
T34_003,main,T34,dataset/main/T34/T34_003,914.0,c3fd8550d7eabc699cae165d5c8e59a4518a3ec165fe8406ec4bf2d7f8f88406
T34_004,main,T34,dataset/main/T34/T34_004,800.0,c9a8ed5e7b2af2adcb447c9e2fef583b5250923301d6e365a910cb6b82c502be
T34_005,main,T34,dataset/main/T34/T34_005,834.0,7a90adcb1c9f42b00d02878dc1088803ccf25ead769d107f3428e5600ab2e869
T34_006,main,T34,dataset/main/T34/T34_006,775.0,0eb73ab4e80bb383c6c59c1ef994985840eff8494af71a8d0601e46bdd826ca1
T34_007,main,T34,dataset/main/T34/T34_007,722.0,e39eaa33b1dd8a8fb545f78c6edec6cd9a9fbe5d69d627d50330f63b4f56fb6d
T34_008,main,T34,dataset/main/T34/T34_008,835.0,05821487dc357f586892f9a6d4e444b4911f110661bd1fe8fe4fba12ee1bec12
T34_009,main,T34,dataset/main/T34/T34_009,857.0,5b22cae9831e76462547ad25760c907aa0ff8957d8dd4792e8b84e17c2654bc8
T34_010,main,T34,dataset/main/T34/T34_010,1029.0,5ba94fda60b5d9203d30bfced293cbeb65a5311326f8dbf11d818409edd13dce
T34_011,main,T34,dataset/main/T34/T34_011,828.0,d27105bf0cdc7353e0d0bbf2db7aa7cf0478a80758ab27dcdcc507a25e859e97
T34_012,main,T34,dataset/main/T34/T34_012,912.0,c9cec147ecc0bc56ee4b3065580084f8d87b0074701841c6c69ea38c4cc6ad4c
T34_013,main,T34,dataset/main/T34/T34_013,869.0,3f18bc9cf6bce27cc735d81454359964ce141d4eda281a792868edcf443cd719
T34_014,main,T34,dataset/main/T34/T34_014,1014.0,533a2af752a3a90e03be62fa391848c071aec954f4c56b62d727545a36c84241
T34_015,main,T34,dataset/main/T34/T34_015,1021.0,88e03d8b1c675c30f385d86d9a0ac9adbd353d12aba61780594766a3d475725e
T34_016,main,T34,dataset/main/T34/T34_016,986.0,4b524b41a640e023f35e31b0a792e8ef3912fd4ba9f2082ae4ea08f4f2390842
T35_001,main,T35,dataset/main/T35/T35_001,7805910.0,c615ee7d55fc94146582eab97890a0a8bcc760982b684c9e36ec0bc62b198a31
T35_002,main,T35,dataset/main/T35/T35_002,173457215.0,6842ade205d905fbc239d6fb1ffede4e15af9edc9513f6a95656fe6943e0de2c
T35_003,main,T35,dataset/main/T35/T35_003,49606949.0,2f762928cc021ec149077e7191d7f23683a01bfefc792125d08c5b9e6b1b3a20
T35_004,main,T35,dataset/main/T35/T35_004,183578130.0,1b6e17452758d9d9e2ec7b46b6bf0273627f23e0be340b25e3ada8dcc8180762
T35_005,main,T35,dataset/main/T35/T35_005,54540286.0,6ca870e60ccb864f479c3e39ed60a5083230525436eabe9f003e33494bd6eaae
T35_006,main,T35,dataset/main/T35/T35_006,194099373.0,c5b5c6913a4eb01431f4784fd665e8858729645cb35cadfe9f3ed4d63b36b85c
T35_007,main,T35,dataset/main/T35/T35_007,59503828.0,03eedb3556923257a08320e3e12c119711819a9c67e88560fd3dca4b27e76dd8
T35_008,main,T35,dataset/main/T35/T35_008,64512387.0,622f4b75b0ff27ccd83e20f9dfac826e4d5a156a01276912e4aa1f5da282f724
T35_009,main,T35,dataset/main/T35/T35_009,179536333515000.0,3f75dbec410be016e8394d20e12046fcf58b57ccbd2e46aec017d847ae76d08a
T35_010,main,T35,dataset/main/T35/T35_010,329557840.0,dfda30387349832cf120e1ddbdfcdedc3b29da237827aaba81a9cf40ce88e1f6
T35_011,main,T35,dataset/main/T35/T35_011,136723387.0,326edfe8a5ba9d31a3531e46c6a9347b56c319541fbd5fb03abdda85ed785a40
T35_012,main,T35,dataset/main/T35/T35_012,950624.0,dab3a711820901829195509580bd3b7f336389289eb98cafa24b95b100aa8444
T35_013,main,T35,dataset/main/T35/T35_013,345.0,65da410427d4dc5a46f746bd04c18b8e1e42edc14ce79d84a7e3a88d39102ab5
T38_001,main,T38,dataset/main/T38/T38_001,172166.529813229,3883bfe9c0926db218c90e07a698110f73a8c511738d5803da8ab6738ea385dd
T38_002,main,T38,dataset/main/T38/T38_002,145509.5684047382,8dc014b426c96556bde6670754a164de73750919dba9ac3a307383b4a56c85f6
T38_005,main,T38,dataset/main/T38/T38_005,297.51414665837785,4bdbbc1d4db955ca325c42fb3361a55cda30804b204b2589099c4ea4a00258e1
T38_006,main,T38,dataset/main/T38/T38_006,250.73668908237153,b1769d7a1afcc746a994f4c839ca60ebbf077ce80d0a63fdc8c4296425ccbef3
T38_007,main,T38,dataset/main/T38/T38_007,254.76003143988376,9ab0010811f927108a7ae853128b7fa428179e1a42979f64d50a0bc32ddfefc1
T38_008,main,T38,dataset/main/T38/T38_008,251.03289221077975,e14c88aa008e78c07b7cbc77f3249dc36129d6521eb5f72c806c335d0e6fd77a
T38_009,main,T38,dataset/main/T38/T38_009,247.6589839340414,c48f006b68a9e9d215a66e42b63108e14a755c476f0a342f41fcbaa2d29850ec
T44_001,main,T44,dataset/main/T44/T44_001,1779575.0,da2c7c7950e31847b3677c036bfb1a11054648dccd4588542a1ca976cf2efd0c
T44_002,main,T44,dataset/main/T44/T44_002,2544629.0,f7c82fcbe4f5b2f09641b9255dfe4a34e85f8b76a0034cd0b981033311ba03b1
T44_003,main,T44,dataset/main/T44/T44_003,2274419.0,51c20ff452178fb9da2675220026d4d257a87a91f9a492b64c6af33b9778f0ea
T44_004,main,T44,dataset/main/T44/T44_004,1640872.0,736ea406a6a9d73821aed9f469d1e330ee0ecddf84f29e0ed69f52a8dde58abc
T44_005,main,T44,dataset/main/T44/T44_005,2705092.0,97a786eee47b7be12cd0f9ab028c3dda9a9f46aa512bf8e59858745cad5adc77
T44_006,main,T44,dataset/main/T44/T44_006,2205950.0,61c5bd876e980856c2d26c0e5bbfd629e0031e4bda686b5bcdefcbba345a2202
T44_007,main,T44,dataset/main/T44/T44_007,2224800.0,c8a99a8b6f1b51fbb277d78e0a4d3c61c0596378cb6a157cfc735c2b1421e34b
T44_008,main,T44,dataset/main/T44/T44_008,1861815.0,4435f14f1580c6e68ef38b36483ca1c3c39848d369f68d460f26c59011a55d54
T44_012,main,T44,dataset/main/T44/T44_012,2695596.0,b1241e828e857dfa3d53406fc7c92a907b91b7e76a6128c2f3b3adade380065c
T44_013,main,T44,dataset/main/T44/T44_013,2768220.0,218e61aba7edeca2bad99a393c0d781974d7f0c113ad0bd6103579e891f5938c
T44_014,main,T44,dataset/main/T44/T44_014,2490472.0,09f105d2bac89042a44c3d0e1ccf7a7756d4d2dd2d6e9d00eda020ff2cc70d48
T44_016,main,T44,dataset/main/T44/T44_016,2452124.0,2f16cfe2a1b2c4184caad123241cae03bbcea4d0f9c877014ced4037f9dd1c04
T44_018,main,T44,dataset/main/T44/T44_018,1512734.0,323d64c1df91294542dac95511ffb5592b3565ebb1234bbf5bb00c6937ab22cd
T44_019,main,T44,dataset/main/T44/T44_019,1857644.0,e579392cccd3104c717ae8c34820ae1d83da687a8dd9be7da776a4f1a9543cf4
T48_001,main,T48,dataset/main/T48/T48_001,3348.0,1f1dd81ff2393a6827ced1a475001955bd895d965d451f5c475c3106c1e10d6a
T48_002,main,T48,dataset/main/T48/T48_002,1397,13a9d5a0951bea050d381205930eb566b7eb1e84d8304ed46e5426f104bd46e9
T48_003,main,T48,dataset/main/T48/T48_003,2233.0,a0390a53077145c7733afe9c02bbf369b5056a21b4c1b37a6cc7baeceb3a74b9
T48_004,main,T48,dataset/main/T48/T48_004,2573.0,54eed7539370fc460dd7cbed722e5127f4d646d6b612c5df1fe9fa7d535a11b6
T48_005,main,T48,dataset/main/T48/T48_005,2224.0,69a95f8a96072c53791b45c9212aa198f3ee2b982415ed4c18f38594556e5ee9
T48_006,main,T48,dataset/main/T48/T48_006,2477.0,b5b21bf0db4db90e20622933c071f08bfbb44e452545f67797d1f423dc2ee32e
T48_007,main,T48,dataset/main/T48/T48_007,2627,4126b75b7a03632ef24fe5205585010774fefe2ca95ec8696ca2ccb51abd6bb0
T48_008,main,T48,dataset/main/T48/T48_008,6205.2116000000005,50dbd80a7dbc9adfead4c8c674d69c81f2831705dd1691cfa22b2cd818d4e324
T48_009,main,T48,dataset/main/T48/T48_009,2438.0,921076996559453066da8108616b89c41e3b0f545783cbda3d4c6e411bff95b3
T48_010,main,T48,dataset/main/T48/T48_010,2445.0,ec1c5e32db09336a5613bd9d8e8754f38e4cf5ac307ffe70f8ffe3a4220c4946
T48_012,main,T48,dataset/main/T48/T48_012,2233.0,a0390a53077145c7733afe9c02bbf369b5056a21b4c1b37a6cc7baeceb3a74b9
T48_015,main,T48,dataset/main/T48/T48_015,2477.0,b5b21bf0db4db90e20622933c071f08bfbb44e452545f67797d1f423dc2ee32e
T48_016,main,T48,dataset/main/T48/T48_016,2627,4126b75b7a03632ef24fe5205585010774fefe2ca95ec8696ca2ccb51abd6bb0
T48_017,main,T48,dataset/main/T48/T48_017,2362.0,4f23f4a47cfc7128ba90e75790085cb454de905ca0095d86824052298bce3968
T48_020,main,T48,dataset/main/T48/T48_020,2348.0,47aef926511454d731945e84ddb472f185c94a1ac6256b78807b0024f1dc3ee8
T49_001,main,T49,dataset/main/T49/T49_001,2461338.0,80e81b29173bd65152abcb8b690c859d96686d27bfd8356de301ef2d96148511
T49_002,main,T49,dataset/main/T49/T49_002,209294.0,b30fb8d8009dbff0daf8caf3d335b88b81362ab1be1231787c9be210cd74797b
T49_003,main,T49,dataset/main/T49/T49_003,287624.0,7b8007af02f67f86a3dc2bc539b1911dcb4f288154c11e98f8ccbf56ec376a61
T49_004,main,T49,dataset/main/T49/T49_004,211734.0,327205ad193fec749ef77ca229f38043ae140547b52601c9044e165b656ce94f
T49_005,main,T49,dataset/main/T49/T49_005,1960405.440000001,0096f3b5f631185e351005c5af3d05731911e9b4ed6c04e07631864963270857
T49_006,main,T49,dataset/main/T49/T49_006,6586157.759999995,96e310cb827409840a3e6ea64125d597dbf053a318e244dc72e222f495621933
T49_007,main,T49,dataset/main/T49/T49_007,6275741.120000003,929925aa720240a5f91f9ea91230bda3d30b7725ab6789eee0988f2d4dde278f
T49_008,main,T49,dataset/main/T49/T49_008,2637173.6799999997,71c37000828da1a2ab09cea299db36a1956d213234fb9aa5f0acac6f409e5a0b
T49_009,main,T49,dataset/main/T49/T49_009,10637783.429999992,833aae213fb1cda5edfc423aec37d24fee9757af29774960e5886153ec805156
T49_010,main,T49,dataset/main/T49/T49_010,8107257.499999997,682e86b946e71cc7d5259d9ea011c4fd7ae2bf0578439a1a6319b21344ca0fcf
T49_011,main,T49,dataset/main/T49/T49_011,8578010.4,1fa2bf0495fa15f8c43f37542e4f6cc812cdf5a09390caac9b8cc3c99f1bd507
T49_012,main,T49,dataset/main/T49/T49_012,4893198.0,6ada8cf36f0cc8ec7b6110d6c235433e02fe610d70b6e4b8159298250e47299c
T49_013,main,T49,dataset/main/T49/T49_013,5739226.946129105,0a0d7f9c230892121fe45b74a62e8f2827a871eb40b6895e53ab27e50bcd25fb
T49_014,main,T49,dataset/main/T49/T49_014,9219820.799999993,711ec7d3f10ad3b0758f20837b690d23ab8b5dc350cf26f3ef805be0d33c534b
T49_015,main,T49,dataset/main/T49/T49_015,5712281.824195782,b824304bfe57310182b273f753eafb9de1d3fae160afa1f6a1bb5efbdaf315f5
T49_016,main,T49,dataset/main/T49/T49_016,5016585.0,6e23807fef4a0679d8262eaf6cea1729b448860e58eb7d20e9d26eca31021b78
T49_017,main,T49,dataset/main/T49/T49_017,5546883.408770368,e53c3b8c4cd206a8c6b30d69ad1d67434ecaa80f0e3ebd6628dcae0c4060f74c
T49_018,main,T49,dataset/main/T49/T49_018,4970384.850000004,fd705b99f8d48ced3c1bd30f388f3a0be1f9010082762b347fdb25f659eb8fe8
T49_019,main,T49,dataset/main/T49/T49_019,2960497.7600000002,8cbb00a3002296bebba2ddc9dc3b5d4d80d63d11abac2cc395074ac1b5d49f8f
T49_020,main,T49,dataset/main/T49/T49_020,5110065.83,a24498c09bff048d7956ed0b82a4f29b851187bcc3968014599bee1946116b03
T49_021,main,T49,dataset/main/T49/T49_021,8665958.343160912,5c2222cdd202b3725d0a2d1ef7ab396dfe68a98d0f72ca9c5678abe081f4bdd2
T49_022,main,T49,dataset/main/T49/T49_022,183143.0,fed3dacdc489e6b13e38281e592977334beddc743d8f50d0bc6124c798fee3f5
T49_023,main,T49,dataset/main/T49/T49_023,8176798.022203824,23b58045ffc8ed8889e96732196f45032b40db2991d6d34f7b1650183a0f14da
T11_001,supplemental,T11,dataset/supplemental/T11/T11_001,,45f6f5136067f75cb7434f773ddcd671efb8ee19ac71fec5cbdfa6bf4eb035d4
T11_002,supplemental,T11,dataset/supplemental/T11/T11_002,,c5f8a991f259f3fe1d3f8359c2e8a384aee294cb82766ede3b6ae19e39facbe2
T11_003,supplemental,T11,dataset/supplemental/T11/T11_003,,8f306712eb3aefc98946f3774a19b4355392ec0fe94f355072a4c7d4074dc29d
T14_001,supplemental,T14,dataset/supplemental/T14/T14_001,,d1b200f421c04e38703bd550b7dd01d5b317c71e7e526f54c7dfa6bba5767744
T14_002,supplemental,T14,dataset/supplemental/T14/T14_002,,0a1250ac95b1b36ca66065de3823a5a418357b3a27c56629ae0b3548c075cfbf
T14_003,supplemental,T14,dataset/supplemental/T14/T14_003,,6b1c05a9ecdcd9e34d9cd58b10ac89009e9f721b259ad633c3a9004b587500fb
T23_001,supplemental,T23,dataset/supplemental/T23/T23_001,,b1fc5bd7b6aef2a24ceb105b33d376ed9c04f467f7aab1a51f46615bb3baaae3
T23_002,supplemental,T23,dataset/supplemental/T23/T23_002,,e36b9af8cc4e8be41a88139a9faefbd815e25c71bed0c91d7dfe534081cd051f
T23_003,supplemental,T23,dataset/supplemental/T23/T23_003,,b5a877645c118c9ac72f88f2c8f394febacd3106e2a47d637882ca5192af2d5e
T26_001,supplemental,T26,dataset/supplemental/T26/T26_001,,76b116c44d81cd11ac8476b4e7c4d1e750243f1e3b346a2997aaf21923631f8e
T26_002,supplemental,T26,dataset/supplemental/T26/T26_002,,6d2e987a81b1216ed77a66eff9bd303a0a37ead1b1a597e5c6a8dc4b70f4ccd2
T26_003,supplemental,T26,dataset/supplemental/T26/T26_003,,d6a7552fcf26fc5fcfea4993712a89ac811ebfa1d87e97bee016b23fc5519236
T27_001,supplemental,T27,dataset/supplemental/T27/T27_001,,1c5f4dc43b96aeb6cc7b719a718b49db4367186dd2b7cff5cc9e0abb7c395b77
T27_002,supplemental,T27,dataset/supplemental/T27/T27_002,,25dbce01d0546d5b6cc163b1b8029832f88bbe53bd3bfabd3261cb0a1c7b2657
T27_003,supplemental,T27,dataset/supplemental/T27/T27_003,,6b09be66682d30ac9602581e9cc0df0e89a42cea4c42c3bc3b6193bbf7096fdd
T28_001,supplemental,T28,dataset/supplemental/T28/T28_001,,03ef86bfd8bf1b5314a6b6f97afd23801085a260c08c6cbfa2b9dba794d71416
T28_002,supplemental,T28,dataset/supplemental/T28/T28_002,,51a4a4026dd2bd50747ba5dc255682800c5bd3b6aefb51a9b234968648c9b5dd
T28_003,supplemental,T28,dataset/supplemental/T28/T28_003,,f4b0be6908746e06d494d2b767f846fe272ed796d30f9c25f0eee9c34c1f9c74
T29_001,supplemental,T29,dataset/supplemental/T29/T29_001,,8fc9fb8aa0d689bf9d07030d84c23d893b0e613e6c335d4ffddecda14b9a4768
T29_002,supplemental,T29,dataset/supplemental/T29/T29_002,,e1676e5e9c1e654187ff2ab5aa866dc6581a39c342846f2a2c4264e5bf0b7672
T29_003,supplemental,T29,dataset/supplemental/T29/T29_003,,06d475acffc6aab6127a614346f29005b720e57058163b18b9d0cc989560d604
T31_001,supplemental,T31,dataset/supplemental/T31/T31_001,,c9ecc42acbdeda5f537b99ede8fb3873008dfcec76cc6d223adc8ce8a1450088
T31_002,supplemental,T31,dataset/supplemental/T31/T31_002,,28be593f2dfaf48a43ec852bda5302a850a2a400a45697820dde2a871c3a8bb5
T31_003,supplemental,T31,dataset/supplemental/T31/T31_003,,ba5496d2f5ff21bbf29cd92ef2d2647c6872c6ed92944b0b2d5e7d09eed3dc46
T32_001,supplemental,T32,dataset/supplemental/T32/T32_001,,2ec1950ac0a56185c515ad136b8e2b76e176f8e74fa1568d77d37d176eb12c04
T32_002,supplemental,T32,dataset/supplemental/T32/T32_002,,9986bb653304c5cc65acb970ff63aa9674f4779971aacca592b49e3499299593
T32_003,supplemental,T32,dataset/supplemental/T32/T32_003,,bd4287657752afd0da6a8d319bcb291765c12a12c0ef33c60a2ef9077efba7a9
T33_001,supplemental,T33,dataset/supplemental/T33/T33_001,,641be4f069ab39a08328d6b87764f605fc981ce97220837fc265818e3f4ffcad
T33_002,supplemental,T33,dataset/supplemental/T33/T33_002,,346ed9b1ff732c09a420fdab44a06108f992cfa31fd9fa30af1f11d0031600da
T33_003,supplemental,T33,dataset/supplemental/T33/T33_003,,af34b9054b44b806a2922f8c77365634c15ffb22c2b2f556ca12db48aac2f196
T36_001,supplemental,T36,dataset/supplemental/T36/T36_001,,c6283f18fe101751b5a0fe948e9c8d00c5d80e3adc24f6a56f24946726db2a17
T36_002,supplemental,T36,dataset/supplemental/T36/T36_002,,df3f790e4a9d6654111aab6651bc77ead748406c2141b99a7e5c47a6c9609b5e
T36_003,supplemental,T36,dataset/supplemental/T36/T36_003,,b434eb45c4570540c2e328ae2ebcb67ef146105575e645c8b74a8b3922b8f40d
T37_001,supplemental,T37,dataset/supplemental/T37/T37_001,,24e9f8fa09cf4f27733149185869a36f2bf35ba4555d3d6997b1144deefc6823
T37_002,supplemental,T37,dataset/supplemental/T37/T37_002,,895eadd2b96692e659b7563ebe8bf4b37194c0dac4973e1b61a0d4af76c394e0
T37_003,supplemental,T37,dataset/supplemental/T37/T37_003,,dd422dd04fc443bf2e0917e8b5b018a03c2af4fba8875b407d7ff5a641b4afcc
T39_001,supplemental,T39,dataset/supplemental/T39/T39_001,,1a8f718b88ca67fd44160146fa60ec80c3cab60aa9431854a0701a356b777576
T39_002,supplemental,T39,dataset/supplemental/T39/T39_002,,7a00257a793bf7de8be5499abe4c6cd8880b8cd7ca10b2e0060eef43ecdc3c7f
T39_003,supplemental,T39,dataset/supplemental/T39/T39_003,,91ecdb21a55711d08030d3e6d21794fca8e5c817148d98ff8a83033d4e00235b
T40_001,supplemental,T40,dataset/supplemental/T40/T40_001,,0680b97648c164357259e11e259a85e9902a2bf6e88bbfcc4414edf89b539518
T40_002,supplemental,T40,dataset/supplemental/T40/T40_002,,c03eb64fef01e89c738a4fd55207a685cf15f4d27dbb4d48b7448e5e880a2efb
T40_003,supplemental,T40,dataset/supplemental/T40/T40_003,,fb46e9a3b3083885ea6bfc7b5d52a4515cbbe93293154c2f2ac4386440c09146
T41_001,supplemental,T41,dataset/supplemental/T41/T41_001,,f0c6a338f806be054011d6374507208798fda9064e686dbeca9cca3f40ab7a05
T41_002,supplemental,T41,dataset/supplemental/T41/T41_002,,2b96df8a45e9d52849ee3a60e12d6deea52461d9804f3789c6f75e192069d2d2
T41_003,supplemental,T41,dataset/supplemental/T41/T41_003,,5f7b51f0ab26cf04fc5de6da8386dd1d535b73a1bfa9a6569cbb88cf66cc9f29
T42_001,supplemental,T42,dataset/supplemental/T42/T42_001,,811b4ef191f7b51ae2b78867989978510a3c668d2ee4d6121c6f9e3006588187
T42_002,supplemental,T42,dataset/supplemental/T42/T42_002,,deb118be36b8d731c63f449800ce354c92ca9beeb8f6acefc1783ac854ba2259
T42_003,supplemental,T42,dataset/supplemental/T42/T42_003,,0928dc97cdd46fb73f3a3f1543a9b64a17c3d16353341ffb04d9bac9ba278283
T43_001,supplemental,T43,dataset/supplemental/T43/T43_001,,bce032f5ab2175495a6c7a08626fafc733658f5873d46271320dfc8b78abc27f
T43_002,supplemental,T43,dataset/supplemental/T43/T43_002,,416b5ecb1e239c7e42d948139aa79a3cea93be1190eaff109019605f747c2850
T43_003,supplemental,T43,dataset/supplemental/T43/T43_003,,bb6c1c6b64a48cb34f59849110a1a2c48adb58d4f24f03909a70faf110107577
T45_001,supplemental,T45,dataset/supplemental/T45/T45_001,,1340cad5052d203e2106952fb8925f8d498d4bfc8d88b665419060ac9870ec1c
T45_002,supplemental,T45,dataset/supplemental/T45/T45_002,,36509fd32095f19188c6a5addc6c8fe6f18d06aad6704249344d4cd7a7228a11
T45_003,supplemental,T45,dataset/supplemental/T45/T45_003,,97acd090ecd50669424f8fb379cbc1bb08632127d7b0d0f44352cb78340f77d8
T46_001,supplemental,T46,dataset/supplemental/T46/T46_001,,219c331aa2a515c50c7f5394e9c6d499dfa4b3c0068dac4092e5839c1ba84c15
T46_002,supplemental,T46,dataset/supplemental/T46/T46_002,,078a928e217f12d6c183ebc04d30efe596a1f46eaa5d1a5970f036826c923ee7
T46_003,supplemental,T46,dataset/supplemental/T46/T46_003,,4c4b1e9e3957efdef9f64d6a0fc709fc327d4a10fa958b4aeb854b5faf42bfaf
T47_001,supplemental,T47,dataset/supplemental/T47/T47_001,,27c23ef96beef0b8f713feb99c2fa0e07a0b5894f2eacf40cb27a6f5d55f1bbe
T47_002,supplemental,T47,dataset/supplemental/T47/T47_002,,0e65bf21e45a3d0320c66be8ee05fa75320d12cd733e6edddbd53affe175d5b2
T47_003,supplemental,T47,dataset/supplemental/T47/T47_003,,17058a549f20ad1c4673d7126f366bcd4866633d90a799b5d8488be0978823dc
T50_001,supplemental,T50,dataset/supplemental/T50/T50_001,,3e2c7c57f9d3b8c4eb7b5ea2241c76720376559d55441a4f75fa7ccc60bbb3ae
T50_002,supplemental,T50,dataset/supplemental/T50/T50_002,,5665e3eb73ddc30a634348560cbc05d177470b9ee5ced2afa6dabe1a77301878
T50_003,supplemental,T50,dataset/supplemental/T50/T50_003,,300aff01f3879c5592968314304c1d64debe1050683bded174482520bb5ca0e8
