technique_id,tasks,verified_objective_tasks,cost_reference_tasks,records,correct,objective_mismatch,other_outcome,unverified_reference,optimal,rate_percent,measurement_cohort_correct
T01,32,32,32,352,249,15,88,0,264,70.73863636363636,249
T02,15,15,11,165,93,39,33,0,132,56.36363636363637,75
T03,19,19,18,209,192,2,15,0,194,91.86602870813397,182
T04,25,25,25,275,177,4,94,0,181,64.36363636363636,177
T05,19,19,19,209,143,5,61,0,148,68.42105263157895,143
T06,21,21,21,231,177,6,48,0,183,76.62337662337663,177
T07,16,16,16,176,146,3,27,0,149,82.95454545454545,146
T08,46,46,46,506,246,83,177,0,329,48.616600790513836,246
T09,8,8,8,88,56,9,23,0,65,63.63636363636363,56
T10,30,30,29,330,236,10,84,0,246,71.51515151515152,230
T12,6,6,6,66,52,1,13,0,53,78.78787878787878,52
T13,15,15,15,165,145,0,20,0,145,87.87878787878788,145
T15,24,24,24,264,248,12,4,0,260,93.93939393939394,248
T16,13,13,13,143,133,9,1,0,142,93.00699300699301,133
T17,5,5,5,55,15,26,14,0,41,27.272727272727273,15
T18,21,21,21,231,179,5,47,0,184,77.4891774891775,179
T19,14,14,14,154,135,0,19,0,135,87.66233766233766,135
T20,43,43,43,473,326,24,123,0,350,68.92177589852008,326
T21,21,21,15,231,101,22,108,0,123,43.722943722943725,100
T22,27,27,26,297,172,28,97,0,200,57.91245791245791,167
T24,18,18,18,198,136,1,61,0,137,68.68686868686869,136
T25,19,19,18,209,125,3,81,0,128,59.80861244019139,124
T30,16,16,16,176,136,4,36,0,140,77.27272727272727,136
T34,16,16,16,176,123,0,53,0,123,69.88636363636364,123
T35,13,13,13,143,93,4,46,0,97,65.03496503496504,93
T38,7,7,7,77,51,4,22,0,55,66.23376623376623,51
T44,14,14,14,154,103,6,45,0,109,66.88311688311688,103
T48,15,15,11,165,87,13,65,0,100,52.72727272727273,66
T49,23,23,23,253,189,0,64,0,189,74.70355731225297,189
